user_input,retrieved_contexts,response,reference,context_recall,faithfulness,context_precision,answer_correctness,answer_relevancy,question_id,_pred_letter,_gold_letter,_is_correct,_has_context
"A 12-year-old boy who recently immigrated from Namibia is being evaluated for exertional shortness of breath and joint pain for the past month. His mother reports that he used to play soccer but now is unable to finish a game before he runs out of air or begins to complain of knee pain. He was a good student but his grades have recently been declining over the past few months. The mother recalls that he had a sore throat and didn’t go to school for 3 days a few months ago. He had chickenpox at the age of 5 and suffers from recurrent rhinitis. He is currently taking over-the-counter multivitamins. His blood pressure is 110/90 mm Hg, pulse rate is 55/min, and respiratory rate is 12/min. On physical examination, subcutaneous nodules are noted on his elbows bilaterally. On cardiac auscultation, a holosystolic murmur is heard over the mitral area that is localized. Lab work shows:
Hemoglobin 12.9 g/dL
Hematocrit 37.7%
Leukocyte count 5,500/mm3
Neutrophils 65%
Lymphocytes 30%
Monocytes 5%
Mean corpuscular volume 82.2 fL
Platelet count 139,000/mm3
Erythrocyte sedimentation rate 35 mm/h
C-reactive protein 14 mg/dL
Antistreptolysin O (ASO) 400 IU (normal range: > 200 IU)
Which is the mechanism behind the cause of this boy’s symptoms?","['Varicella pneumonia, the most serious complication following chickenpox, develops more often in adults (up to 20% of cases) than in children and is particularly severe in pregnant women. Pneumonia due to VZV usually has its onset 3–5 days into the illness and is associated with tachypnea, cough, dyspnea, and fever. Cyanosis, pleuritic chest pain, and hemoptysis are frequently noted. Roentgenographic evidence of disease consists of nodular infiltrates and interstitial pneumonitis. Resolution of pneumonitis parallels improvement of the skin rash; however, patients may have persistent fever and compromised pulmonary function for weeks.\n\nOther complications of chickenpox include myocarditis, corneal lesions, nephritis, arthritis, bleeding diatheses, acute glomerulonephritis, and hepatitis. Hepatic involvement, distinct from Reye’s syndrome and usually asymptomatic, is common in chickenpox and is generally characterized by elevated levels of liver enzymes, particularly aspartate and alanine aminotransferases.\n\nPerinatal varicella is associated with mortality rates as high as 30% when maternal disease develops within 5 days before delivery or within 48 h thereafter. Illness in this setting is unusually severe because the newborn does not receive protective transplacental antibodies and has an immature immune system. Congenital varicella, with clinical manifestations of limb hypoplasia, cicatricial skin lesions, and microcephaly at birth, is extremely uncommon.', 'Camille E. Beauduy, PharmD, & Lisa G. Winston, MD*\n\nA 45-year-old man is brought to the local hospital emer-gency department by ambulance. His wife reports that he had been in his normal state of health until 3 days ago when he developed a fever and a productive cough. Dur-ing the last 24 hours he has complained of a headache and is increasingly confused. His wife reports that his medical history is significant only for hypertension, for which he takes hydrochlorothiazide and lisinopril, and that he is allergic to amoxicillin. She says that he developed a rash many years ago when prescribed amoxicillin for bron-chitis. In the emergency department, the man is febrile (38.7°C [101.7°F]), hypotensive (90/54 mmHg), tachypneic (36/min), and tachycardic (110/min). He has no signs of meningismus but is oriented only to person. A stat chest x-ray shows a left lower lung consolidation consistent with pneumonia. A CT scan is not concerning for lesions or elevated intracranial pressure. The plan is to start empiric antibiotics and perform a lumbar puncture to rule out bacterial meningitis. What antibiotic regimen should be prescribed to treat both pneumonia and meningitis? Does the history of amoxicillin rash affect the antibiotic choice? Why or why not?\n\nThe penicillins share features of chemistry, mechanism of action, pharmacology, and immunologic characteristics with cephalosporins, monobactams, carbapenems, and β-lactamase inhibitors. All are β-lactam compounds, so named because of their four-membered lactam ring.', 'Laboratory: elevated erythrocyte sedimentation rate or leukocyte counte\n\nElectrocardiogram: prolonged P-R interval\n\nSupporting evidence of a preceding Elevated or rising anti-streptolysin streptococcal infection within the last O or other streptococcal antibody, or 45 days\n\nA positive throat culture, or\n\nRapid antigen test for group A streptococcus, or aPatients may present with polyarthritis (or with only polyarthralgia or monoarthritis) and with several (three or more) other minor manifestations, together with evidence of recent group A streptococcal infection. Some of these cases may later turn out to be rheumatic fever. It is prudent to consider them as cases of “probable rheumatic fever” (once other diagnoses are excluded) and advise regular secondary prophylaxis. Such patients require close follow-up and regular examination of the heart. This cautious approach is particularly suitable for patients in vulnerable age groups in high-incidence settings. bInfective endocarditis should be excluded. cSome patients with recurrent attacks may not fulfill these criteria. dCongenital heart disease should be excluded. e1992 Revised Jones criteria do not include elevated leukocyte count as a laboratory minor manifestation (but do include elevated C-reactive protein), and do not include recent scarlet fever as supporting evidence of a recent streptococcal infection.\n\nSource: Reprinted with permission from WHO Expert Consultation on Rheumatic Fever and Rheumatic Heart Disease (2001: Geneva, Switzerland): Rheumatic Fever and Rheumatic Heart Disease: Report of a WHO Expert Consultation (WHO Tech Rep Ser, 923). Geneva, World Health Organization, 2004.\n\nsingle dose of 1.2 million units (600,000 units for children ≤27 kg) IM benzathine penicillin G.', 'Case 1: Chest Pain\n\nPatient Presentation: BJ, a 35-year-old man with severe substernal chest pain of ~2 hours’ duration, is brought by ambulance to his local hospital at 5 AM. The pain is accompanied by dyspnea (shortness of breath), diaphoresis (sweating), and nausea.\n\nFocused History: BJ reports episodes of exertional chest pain in the last few months, but they were less severe and of short duration. He smokes (2–3 packs per day), drinks alcohol only rarely, eats a “typical” diet, and walks with his wife most weekends. His blood pressure has been normal. Family history reveals that his father and paternal aunt died of heart disease at age 45 and 39 years, respectively. His mother and younger (age 31 years) brother are said to be in good health.\n\nPhysical Examination (Pertinent Findings): BJ is pale and clammy and is in distress due to chest pain. Blood pressure and respiratory rate are elevated. Lipid deposits are noted on the periphery of his corneas (corneal arcus; see left image) and under the skin on and around his eyelids (xanthelasmas; see right image). No deposits on his tendons (xanthomas) are detected.\n\nPertinent Test Results: BJ’s electrocardiogram is consistent with a myocardial infarction (MI). Angiography reveals areas of severe stenosis (narrowing) of several coronary arteries. Initial results from the clinical laboratory include the following:\n\nH = High; L = Low. [Note: BJ had not eaten for ~8 hours prior to the blood draw.]', 'Systemic symptoms and signs aside from fever are infrequent and depend mainly on the more mundane effects of the invading virus; these include sore throat, nausea and vomiting, vague weakness, pain in the back and neck, conjunctivitis, cough, diarrhea, vomiting, rash, petechia, hepatitis, adenopathy, or splenomegaly. The childhood exanthems associated with meningitis and encephalitis (varicella, rubella, mumps) produce well-known eruptions and other characteristic signs. An erythematous papulomacular, nonpruritic rash, confined to the head and neck or generalized, may also be a prominent feature, particularly in children, of certain echoviruses and Coxsackie viruses. Adults may also demonstrate a nonspecific rash but this finding is not specific. An enanthem (herpangina), taking the form of a vesiculoulcerative eruption of the buccal mucosa, may also occur with these viral infections.\n\nIn milder cases, in the first hours or day of the illness, there may be no abnormalities of the spinal fluid, and the patient may erroneously be thought to have migraine or a headache induced by a systemic infectious illness. Microorganisms cannot be demonstrated by conventional smear or culture but may be detected by polymerase chain reaction, the last of these techniques being employed largely in cryptic cases. As a rule, the glucose content of the CSF is normal; but infrequently, mild depression of the CSF glucose (rarely below 25 mg/dL) occurs with the meningitis caused by mumps, HSV-2, lymphocytic choriomeningitis, or VZV.']",Type III hypersensitivity reaction,Type II hypersensitivity reaction,0.0,0.0,0.0,0.4593656902897473,0.6036352083433502,golden_000,C,B,False,True
A 55-year-old woman with a 1-year history of left-sided tinnitus is diagnosed with a tumor of the left jugular fossa. Sialometry shows decreased production of saliva from the left parotid gland. The finding on sialometry is best explained by a lesion of the nerve that is also responsible for which of the following?,"['The patient consented for removal of the parotid gland and a discussion of the possibility for loss of facial function and facial paralysis was had with the patient at this time.\n\nWithin the parotid gland the facial nerve [VII] divides into its five terminal branches. At operation the gland is displayed and extremely careful dissection is necessary to peel away the parotid gland from the branches of the facial nerve [VII]. This procedure was made more difficult by the chronic inflammatory change within the gland. After the procedure the patient made a good recovery, though there was some mild paralysis of the whole of the right side of the face. Importantly, taste to the anterior two-thirds of the tongue was preserved. The taste fibers to the anterior two-thirds of the tongue travel in the chorda tympani nerve, which is a branch of the facial nerve [VII]. This nerve leaves the facial nerve [VII] to join the lingual nerve proximal to the parotid gland; therefore, any damage to the facial nerve [VII] within the parotid gland does not affect special sensation (taste).\n\nOver the following week the paralysis improved and was likely due to nerve bruising during the procedure. The patient remained asymptomatic.\n\nA 60-year-old woman was brought to the emergency department with acute right-sided weakness, predominantly in the upper limb, which lasted for 24 hours. She made an uneventful recovery, but was extremely concerned about the nature of her illness and went to see her local doctor.\n\nA diagnosis of a transient ischemic attack (TIA) was made.\n\nA TIA is a neurological deficit resolving within 24 hours. It is a type of stroke.\n\nNeurological deficits may be permanent or transient. Most transient events resolve within 21 days; any failure of resolution beyond 21 days is an established stroke.\n\nAn investigation into the cause of the TIA was undertaken.', 'A primary brainstem lesion affecting the motor nucleus of the facial nerve [VII] would lead to ipsilateral (same side) weakness of the whole face. However, because the upper part of the nucleus receives motor input from the left and right cerebral hemispheres a lesion occurring above the nucleus leads to contralateral lower facial weakness. In this example, motor innervation to the upper face is spared because the upper part of the nucleus receives input from both hemispheres. Preservation and loss of the special functions are determined by the extent of the lesion.\n\nLesions at and around the geniculate ganglion\n\nTypically lesions at and around the geniculate ganglion are accompanied by loss of motor function on the whole of the ipsilateral (same) side of the face. Taste to the anterior two-thirds of the tongue, lacrimation, and some salivation also are likely to be affected because the lesion is proximal to the greater petrosal and chorda tympani branches of the nerve.\n\nLesions at and around the stylomastoid foramen\n\nLesions at and around the stylomastoid foramen are the commonest abnormality of the facial nerve [VII] and usually result from a viral inflammation of the nerve within the bony canal before exiting through the stylomastoid foramen. Typically the patient has an ipsilateral loss of motor function of the whole side of the face. Not only does this produce an unusual appearance, but it also complicates chewing of food. Lacrimation and taste may not be affected if the lesion remains distal to the greater petrosal and chorda tympani branches that originate deep in the temporal bone.\n\nIn the clinic', '. As previously mentioned, minor salivary gland malignancies can present anywhere in the upper aerodigestive tract, particularly on the palate; however, the major salivary glands are the parotid, submandibular, and sublingual glands. The majority of tumors (80%) arise in the parotid gland (Fig. 18-44); however, 80% of these are benign, most commonly, pleomorphic adenomas (benign mixed tumors). As the salivary gland gets smaller, the proportion of tumors that are malignant increases; 50% of sub-mandibular/sublingual tumors and 80% of minor salivary gland tumors are malignant.Patients typically present with a mass because these tumors are well circumscribed and slow growing. However, certain signs and symptoms, such as pain, paresthesia, facial nerve weakness, or rapid growth, raise the concern for malig-nancy. If there is facial nerve weakness (10%–15% of cases), this usually represents tumor invading the facial nerve. Sub-mandibular and sublingual tumors present with a mass or swell-ing in the neck or floor of the mouth, respectively. Tumors in this region can invade the lingual nerve leading to tongue par-esthesia or the hypoglossal nerve invasion leading to paralysis. The close proximity to the mandible and tongue necessitates a thorough bimanual palpation to assess for fixation to these structures.The decision to dissect the neck in parotid cancers is fraught with uncertainty. However, parotid malignancies, par-ticularly carcinomas, have a propensity for regional lymphatic spread, first to the intraand periglandular nodes followed by the upper cervical chain (levels I–III)', 'The patient made an uneventful recovery.\n\nMost esophageal cancers are diagnosed relatively late and often have lymph node metastatic spread. A number of patients will also have a spread of tumor to the liver. The overall prognosis for esophageal cancer is poor, with approximately a 25%, 5-year survival rate.\n\nDiagnosing esophageal cancer in its early stages before lymph node spread is ideal and can produce a curative procedure.\n\nOur patient went on to have chemotherapy and enjoys a good quality of life 4 years after his operation.\n\nA 45-year-old woman, with a history of breast cancer in the left breast, returned to her physician. Unfortunately the disease had spread to the axillary lymph nodes and bones (bony metastatic disease). A surgeon duly resected the primary breast tumor with a wide local excision and then performed an axillary nodal clearance. The patient was then referred to an oncologist for chemotherapy. Chemotherapy was delivered through a portacath, which is a subcutaneous reservoir from which a small catheter passes under the skin into the internal jugular vein. The patient duly underwent a portacath insertion without complication, completed her course of chemotherapy, and is currently doing well 5 years later.\n\nThe portacath was placed on the patient’s right anterior chest wall and the line was placed into the right internal jugular vein. The left internal jugular vein and subcutaneous tissues were not used. The reason for not using this site was that the patient had previously undergone an axillary dissection on the left, and the lymph nodes and lymphatics were removed. Placement of a portacath in this region may produce an inflammatory response and may even get infected. Unfortunately, because there are no lymphatics to drain away infected material and to remove bacteria, severe sepsis and life-threatening infection may ensue.\n\nHow was it placed?', 'Neurol 38:317, 1981.\n\nFigure 31-1.\u2002MRI, FLAIR sequence showing microabscesses of melioidosis in some of the typical locations of the deep cerebellum (left panel) and cerebral white matter (right panel).\n\nFigure 31-2.\u2002MRI showing a right frontal brain abscesses associated with bacterial endocarditis (S. aureus) in a 55-year-old man. There is characteristic rim enhancement with gadolinium (left panel) and restricted diffusion within the abscess (right panel).\n\nFigure 31-3.\u2002MRI in tuberculous meningitis showing gadolinium enhancement of the basal meninges, reflecting multiple abscesses, accompanied by hydrocephalus and cranial nerve palsies.\n\nFigure 31-4.\u2002A tuberculoma of the pons on a gadolinium-enhanced MRI (left panel). There is a thick, uniform enhancing rim. The mass behaved clinically like a malignant brain tumor. The right panel shows the same lesion after antituberculous treatment.\n\nFigure 31-5.\u2002Diagram of the evolution of neurosyphilis.\n\nFigure 31-6.\u2002MRI showing a rim-enhancing Toxoplasma abscess in the deep left cerebral hemisphere in a patient with HIV. There is mass effect and surrounding edema, features which are variable.\n\nFigure 31-7.\u2002Cysticercosis on CT without contrast. Multiple vesicular lesions, some with visible scolices and without mass effect (left panel) that became calcified 2 years later (right panel).\n\nFigure 31-8.\u2002MRI of schistosomiasis (S. mansoni) with gadolinium enhancement of patchy lesions in the left temporal lobe in a traveler returning from Ghana.']",Afferent limb of the gag reflex,Afferent limb of the gag reflex,0.0,0.0,0.0,0.9318181818181819,0.5611271520577266,golden_001,B,B,True,True
"A 3-year-old boy is brought to the emergency department with a history of unintentional ingestion of seawater while swimming in the sea. The amount of seawater ingested is not known. There is no history of vomiting. On physical examination, the boy appears confused and is asking for more water to drink. His serum sodium is 152 mmol/L (152 mEq/L). Which of the following changes in volumes and osmolality of body fluids are most likely to be present in this boy?","['The laboratory workup for patients who may have preexisting ﬂuid problems should include assessment of blood hematocrit, serum chemistry, glucose, blood urea nitrogen (BUN) and creatinine, urine osmolarity, and urine electrolyte levels. Serum osmolarity is mainly a function of the concentration of sodium and is given by the following equation: 2[Na+] + glucose (mg/dL)/18 + BUN (mg/dL)/2.8\n\nNormal serum osmolarity is typically 290 to 300 mOsm. Blood hematocrit will rise or fall inversely at a rate of 1% per 500-mL alteration of extracellular ﬂuid volume. The BUN:creatinine ratio is typically 10:1 but will rise to a ratio of greater than 20:1 under conditions of extracellular ﬂuid contraction. Under conditions of extracellular ﬂuid deficit, urine osmolarity will typically be high (>400 mOsm), whereas urine sodium concentration is low (<15 mEq/L), indicative of an attempt by the kidney to conserve sodium. Under conditions of extracellular ﬂuid excess or in cases of renal disease in which the kidney has impaired ability to retain sodium and water, urine osmolarity will be low and urine sodium will be high (>30 mEq/L). Changes in sodium can give insight into the degree of extracellular ﬂuid excess or deficit. In the average person, the serum sodium rises by 3 mmol/L for every liter of water deficit and falls by 3 mmol/L for each liter of water excess. One must be careful in making these estimates because patients with prolonged water and electrolyte loss can have low serum sodium levels and marked water deficits.', 'Emergency treatment of symptomatic hyponatremia, such as seizures, uses IV hypertonic saline to increase the serum sodium concentration rapidly, which leads to a decrease in brain edema. One milliliter per kilogram of 3% sodium chloride increases the serum sodium by approximately 1 mEq/L.\n\nA child often improves after receiving 4 to 6 mL/kg of 3% sodium chloride.\n\nAvailable @ StudentConsult.com\n\nThere are three basic mechanisms of hypernatremia (Fig. 35-2). Sodium intoxication is frequently iatrogenic in a hospital setting resulting from correction of metabolic acidosis with sodium bicarbonate. In hyperaldosteronism, there is renal retention of sodium and resultant hypertension; the hypernatremia is mild.\n\nHypernatremia resulting from water losses develops only if the patient does not have access to water or cannot drink adequately because of neurologic impairment, emesis, or anorexia. Infants are at high risk because of their inability to control their own water intake. Ineffective breastfeeding, often in a primiparous mother, can cause severe hypernatremic dehydration. High insensible losses of water are especially common in premature infants; the losses increase further as a result of radiant warmers or phototherapy for hyperbilirubinemia. Children with extrarenal causes of water loss have high levels of ADH and very concentrated urine.', 'In type I (hypervolemic) or type II (hypovolemic) hyponatremia, osmotic suppression of AVP secretion appears to be counteracted by a hemodynamic stimulus resulting from a large reduction in cardiac output and/or effective blood volume. The resultant antidiuresis is enhanced by decreased distal delivery of glomerular filtrate that results from increased reabsorption of sodium in proximal nephron. 2281 If the reduction in urine output is not associated with a commensurate reduction in water intake or an increase in insensible loss, body fluids are expanded and diluted, resulting in hyponatremia despite an increase in body sodium. Unlike SIADH and other forms of euvolemic hyponatremia, however, glomerular filtration is reduced and plasma renin activity and aldosterone are elevated. Thus, the rate of urinary sodium excretion is low (unless sodium reabsorption is impaired by a diuretic), and the hyponatremia is usually accompanied by edema, hypokalemia, azotemia, and hyperuricemia. In type II (hypovolemic) hyponatremia, sodium and water are also retained as an appropriate compensatory response to the severe depletion.\n\nDifferential Diagnosis SIADH is a diagnosis of exclusion that usually can be made from the history, physical examination, and basic laboratory data. If hyperglycemia is present, its contribution to the reduction in plasma sodium can be estimated either by measuring plasma osmolarity for a more accurate estimate of the true “effective” tonicity of body fluids or by correcting the measured plasma sodium for the reduction caused by the hyperglycemia using the simplified formula where P = plasma sodium in meq/L and P = plasma glucose in mg/dL.', 'Serum sodium > 145 mEq/L. Usually due to water loss rather than sodium gain.\n\nPresents with thirst (due to hypertonicity) as well as with oliguria or polyuria (depending on the etiology).\n\nNeurologic symptoms include mental status changes, weakness, focal neurologic deficits, and seizures.\n\nExam reveals “doughy” skin and signs of volume depletion.\n\nAssess volume status by conducting a clinical exam and measuring urine volume and osmolality.\n\nHypertonic Na+ gain: Due to hypertonic saline/tube feeds or ↑aldosterone (suppresses ADH).\n\nPure water loss: Due to central or nephrogenic diabetes insipidus; characterized by large volumes of dilute urine. Do not neglect dermal and respiratory insensible losses.\n\nHypotonic f uid loss: Due to ↓ intake, diuretics, intrinsic renal disease, GI losses (diarrhea), burns, and osmotic diuresis (mannitol, glucose in DKA, urea with high protein feeds).\n\nA minimal volume (approximately 500 ml/day) of maximally concentrated urine (> 800 mOsm/kg) suggests adequate renal response without adequate free-water replacement.\n\nTreat the underlying causes and replace free-water deficit with hypotonic saline, D5W, or oral water, depending on volume status.\n\nCorrection of chronic hypernatremia (> 36–48 hours) should be accomplished gradually over 48–72 hours (≤ 0.5 mEq/L/hr) to prevent neurologic damage 2° to cerebral edema.\n\nSerum sodium < 135 mEq/L. Almost always due to ↑ ADH.\n\nMay be asymptomatic or may present with confusion, lethargy, muscle cramps, hyporeﬂexia, and nausea.\n\nCan progress to seizures, coma, or brain stem herniation.', 'Choose the ONE best answer.\n\n2.1. A nursing female with classic galactosemia is on a galactose-free diet. She is able to produce lactose in breast milk because:\n\nA. galactose can be produced from fructose by isomerization.\n\nB. galactose can be produced from a glucose metabolite by epimerization.\n\nC. hexokinase can efficiently phosphorylate galactose to galactose 1phosphate.\n\nD. the enzyme affected in galactosemia is activated by a hormone produced in the mammary gland.\n\nCorrect answer = B. Uridine diphosphate (UDP)-glucose is converted to UDPgalactose by UDP-hexose 4-epimerase, thereby providing the appropriate form of galactose for lactose synthesis. Isomerization of fructose to galactose does not occur in the human body. Galactose is not converted to galactose 1phosphate by hexokinase. A galactose-free diet provides no galactose. Galactosemia is the result of an enzyme (galactose 1-phosphate uridylyltransferase) deficiency.\n\n2.2. A 5-month-old boy is brought to his physician because of vomiting, night sweats, and tremors. History revealed that these symptoms began after fruit juices were introduced to his diet as he was being weaned off breast milk. The physical examination was remarkable for hepatomegaly. Tests on the baby’s urine were positive for reducing sugar but negative for glucose. The infant most likely suffers from a deficiency of:\n\nA. aldolase B.\n\nB. fructokinase.\n\nC. galactokinase.\n\nD. β-galactosidase.']","Increased ECF volume, decreased ICF volume, increased body osmolality","Increased ECF volume, decreased ICF volume, increased body osmolality",0.0,0.0,0.9999999999,0.9423076923076924,0.7236486450216048,golden_002,D,D,True,True
"A 46-year-old male with a history of recurrent deep venous thromboses on warfarin presents to his hematologist for a follow-up visit. He reports that he feels well and has no complaints. His INR at his last visit was 2.5 while his current INR is 4.0. His past medical history is also notable for recent diagnoses of hypertension, hyperlipidemia, and gastroesophageal reflux disease. He also has severe seasonal allergies. He reports that since his last visit, he started multiple new medications at the recommendation of his primary care physician. Which of the following medications was this patient likely started on?","['. To accomplish this, the prothrombin time must be measured in fresh plasma samples from at least 20 healthy volunteers using the same coagulometer that is used for patient samples. For most indications, warfarin is administered in doses that produce a target INR of 2.0–3.0. An exception is patients with mechanical heart valves, particularly those in the mitral position or older ball and cage valves in the aortic position, where a target INR of 2.5–3.5 is recommended. Studies in atrial fibrillation demonstrate an increased risk of cardioembolic stroke when the INR falls to <1.7 and an increase in bleeding with INR values >4.5. These findings highlight the fact that vitamin K antagonists have a narrow therapeutic window. In support of this concept, a study in patients receiving long-term warfarin therapy for unprovoked venous thromboembolism demonstrated a higher rate of recurrent venous thromboembolism with a target INR of 1.5–1.9 compared with a target INR of 2.0–3.0.', 'Q3. Why is urinary urobilinogen increased relative to normal in hemolytic jaundice and absent in obstructive jaundice?\n\nCase 7: Joint Pain\n\nPatient Presentation: IR is a 22-year-old male who presents for follow-up 10 days after having been treated in the Emergency Department (ED) for severe inflammation at the base of his thumb.\n\nFocused History: This was IR’s first occurrence of severe joint pain. In the ED, he was given an anti-inflammatory medication. Fluid aspirated from the carpometacarpal joint of the thumb was negative for organisms but positive for needle-shaped monosodium urate (MSU) crystals (see image at right). The inflammatory symptoms have since resolved. IR reports he is in good health otherwise, with no significant past medical history. His body mass index (BMI) is 31. No tophi (deposits of MSU crystals under the skin) were detected in the physical examination.\n\nPertinent Findings: Results on a 24-hour urine specimen and blood tests requested in advance of this visit reveal that IR is not an undersecretor of uric acid. His blood urate was 8.5 mg/dl (reference = 2.5–8.0). The unusually young age of presentation is suggestive of an enzymopathy of purine metabolism, and additional blood tests are ordered.\n\nDiagnosis: IR has gout (MSU crystal deposition disease), a type of inflammatory arthritis.\n\nTreatment: IR was given prescriptions for allopurinol and colchicine. The treatment goals are to reduce his blood urate levels to <6.0 mg/dl and prevent additional attacks. He was advised to lose weight because being overweight or obese is a risk factor for gout. His BMI of 31 puts him in the obese category. He was also given written information on the association between diet and gout.', 'Occasionally patients exhibit warfarin resistance, defined as progression or recurrence of a thrombotic event while in the therapeutic range. These individuals may have their INR target raised (which is accompanied by an increase in bleeding risk) or be changed to an alternative form of anticoagulation (eg, daily injections of LMW heparin or one of the newer oral anticoagulants). Warfarin resistance is most commonly seen in patients with advanced cancers, typically of gastrointestinal origin (Trousseau’s syndrome). LMW heparin is superior to warfarin in preventing recurrent venous thromboembolism in patients with cancer.\n\nThe coumarin anticoagulants often interact with other drugs and with disease states. These interactions can be broadly divided into pharmacokinetic and pharmacodynamic effects (Table 34–2). Pharmacokinetic mechanisms for drug interaction with warfarin mainly involve cytochrome P450 CYP2C9 enzyme induction, enzyme inhibition, and reduced plasma protein binding. Pharmacodynamic mechanisms for interactions with warfarin are synergism (impaired hemostasis, reduced clotting factor synthesis, as in hepatic disease), competitive antagonism (vitamin K), and an altered physiologic control loop for vitamin K (hereditary resistance to oral anticoagulants).\n\nThe most serious interactions with warfarin are those that increase the anticoagulant effect and the risk of bleeding. The most dangerous of these interactions are the pharmacokinetic interactions with the mostly obsolete pyrazolones phenylbutazone and sulfinpyrazone. These drugs not only augment the hypoprothrombinemia but also inhibit platelet function and may induce peptic ulcer disease (see Chapter 36). The mechanisms interactions with oral anticoagulants.\n\n1Stereoselectively inhibits the oxidative metabolism of the S-warfarin enantiomorph of racemic warfarin.', 'Pharmacologic Management of Parkinsonism & Other Movement Disorders\n\nMichael J. Aminoff, MD, DSc, FRCP\n\nA 76-year-old retired banker complains of a shuffling gait with occasional falls over the last year. He has developed a stooped posture, drags his left leg when walking, and is unsteady on turning. He remains independent in all activi-ties of daily living, but he has become more forgetful and occasionally sees his long-deceased father in his bedroom. Examination reveals hypomimia, hypophonia, a slight rest tremor of the right hand and chin, mild rigidity, and impaired rapid alternating movements in all limbs. Neuro-logic and general examinations are otherwise normal. What is the likely diagnosis and prognosis? The patient is started on a dopamine agonist, and the dose is gradually built up to the therapeutic range. Was this a good choice of medications? Six months later, the patient and his wife return for follow-up. It now becomes apparent that he is falling asleep at inappropriate times, such as at the dinner table, and when awake, he spends much of the time in arranging and rear-ranging the table cutlery or in picking at his clothes. To what is his condition due, and how should it be managed? Would you recommend surgical treatment?', 'Because of the potential for skin necrosis, patients with known protein C or protein S deficiency require overlapping treatment with a parenteral anticoagulant when initiating war- farin therapy. Warfarin should be started in low doses in these patients, and the parenteral anticoagulant should be continued until the INR is therapeutic for at least 2–3 consecutive days.\n\npregnancy Warfarin crosses the placenta and can cause fetal abnormalities or bleeding. The fetal abnormalities include a characteristic embryopathy, which consists of nasal hypopla-Monitoring No No No No sia and stippled epiphyses. The risk of embry-Interactions 3A4/P-gp 3A4/P-gp P-gp P-gp opathy is highest if warfarin is given in the first Abbreviations: bid, twice a day; P-gp, P-glycoprotein; qd., once a day.\n\n52% compared with warfarin (p <.0001), but increase gastrointestinal bleeding by about 24% (p = .04). Overall, the new agents demonstrate a favorable benefit-to-risk profile compared with warfarin, and their relative efficacy and safety are maintained across a wide spectrum of atrial fibrillation patients, including those over the age of 75 years and those with a prior history of stroke. Based on these findings, dabigatran, rivaroxaban, and apixaban are licensed as alternatives to warfarin for stroke prevention in nonvalvular atrial fibrillation, and edoxaban is under regulatory consideration for this indication. Nonvalvular atrial fibrillation is defined as that occurring in patients without mechanical heart valves or severe rheumatic valvular disease, particularly mitral stenosis and/or regurgitation.']",Omeprazole,Omeprazole,0.0,0.0,0.0,1.0,0.579853372935418,golden_005,A,A,True,True
"A five-year-old female presents to the pediatrician for a well visit. The patient’s parents report that she recently entered kindergarten and her teacher expressed concern that the patient is not meeting developmental milestones. She struggles to name colors and has not expressed any interest in learning to read. The patient’s parents have also noticed that the patient is not completing tasks that her older siblings were doing by this age, including dressing herself independently and going to the bathroom by herself. The patient rolled over at 9 months, sat without support at 12 months, and walked at 20 months. Her parents also report that the patient is very social, and that adults frequently comment on her friendly personality. The patient is in the 15th percentile for weight and 5th percentile for height. On physical exam, the patient has a broad forehead, flat nasal bridge, long philtrum, and a wide mouth. She has a strabismus on neurological exam, and her cardiac exam is significant for a heart murmur. Laboratory testing is below:

Serum:
Na+: 145 mEq/L
K+: 3.9 mEq/L
Cl-: 100 mEq/L
HCO3-: 24 mEq/
Urea nitrogen: 11 mg/dL
Glucose: 76 mg/dL
Creatinine: 0.9 mg/dL
Ca2+: 11.9 mg/dL

Which of the following cardiac abnormalities is associated with this condition?","['Wilmott RW, Boat TF, Bush A, et\xa0al: Kendig and Chernick’s Disorders of the\n\nRespiratory Tract in Children, ed 8, Philadelphia, 2012, Saunders\n\nThe Cardiovascular System\n\nDaniel S. Schneider 19\n\nA maternal history of medication, drug, or alcohol use or excessive smoking may contribute to cardiac and other systemic findings. The prenatal history may reveal a maternal infection early in pregnancy (possibly teratogenic) or later in pregnancy (causing myocarditis or myocardial dysfunction in infants). Infants with heart failure exhibit poor growth, with weight being more significantly affected than height and head circumference.\n\nHeart failure may present with fatigue or diaphoresis with feeds or fussiness. Tachypnea without significant dyspnea may be present. Older children with heart failure may have easy fatigability, shortness of breath on exertion, and sometimes orthopnea. Not keeping up with other children during play or exercise is a sign of exercise intolerance. Heart failure may be misdiagnosed as recurrent pneumonia, bronchitis, wheezing, or asthma.\n\nA history of a heart murmur is important, but many wellchildren have an innocent murmur at some time in their lives. Other cardiac symptoms include cyanosis, palpitations, chest pain, syncope, and near-syncope. A review ofsystems assesses for possible systemic diseases or congenitalmalformation syndromes that may cause cardiac abnormalities (Tables 139-1 and 139-2). Current and past medication use as well as history of drug use, is important. Family history should be reviewed for hereditary diseases, early atherosclerotic heart disease, congenital heart disease, suddenunexplained deaths, thrombophilia, rheumatic fever, hypertension, and hypercholesterolemia.', 'Charles DeBattista, MD house and has no motivation, interest, or energy to pursue recreational activities that she once enjoyed such as hiking. She describes herself as “chronically miserable and worried all the time.” Her medical history is notable for chronic neck pain from a motor vehicle accident for which she is being treated with tramadol and meperidine. In addition, she is on hydrochlorothiazide and propranolol for hypertension. The patient has a history of one depressive episode after a divorce that was treated successfully with fluoxetine. Medical workup including complete blood cell count, thyroid func-tion tests, and a chemistry panel reveals no abnormalities. She is started on fluoxetine for a presumed major depressive episode and referred for cognitive behavioral psychotherapy. What CYP450 and pharmacodynamic interactions might be associated with fluoxetine use in this patient? Which class of antidepressants would be contraindicated in this patient? A 47-year-old woman presents to her primary care physician with a chief complaint of fatigue. She indicates that she was promoted to senior manager in her company approximately 11 months earlier. Although her promotion was welcome and came with a sizable raise in pay, it resulted in her having to move away from an office and group of colleagues she very much enjoyed. In addition, her level of responsibility increased dramatically. The patient reports that for the last 7 weeks, she has been waking up at 3 am every night and been unable to go back to sleep. She dreads the day and the stresses of the workplace. As a consequence, she is not eating as well as she might and has dropped 7% of her body weight in the last 3 months. She also reports being so stressed that she breaks down crying in the office occasionally and has been calling in sick frequently. When she comes home, she finds she is less motivated to attend to chores around the', ""Kerhof, 2012; McCloskey, 2016).\n\nMounting evidence suggests that fetal-growth restriction may afect organ development, particularly that of the heart. Individuals with low birthweight demonstrate cardiac structural changes and dysfunction persisting through childhood, adolescence, and adulthood. In one study, 80 infants who were born SGA before 34 weeks' gestation were compared at 6 months with 80 normally grown children (Cruz-Lemini, 2016). The heart in the SGA children had a more globular ventricle that resulted in systolic and diastolic dysfunction. In another study, echocardiography in 418 adolescents showed that low birthweight was associated with a thicker let ventricular posterior wall (Hietalampi, 2012). In their review, Cohen and colleagues (2016) concluded, however, that these findings have unclear long-term signiicance.\n\nDeficient fetal growth is also associated with postnatal structural and functional renal changes. In a review by Luyckx and Brenner (2015), birthweight abnormalities were evaluated for linkage with disordered nephrogenesis, renal dysfunction, chronic kidney disease, and hypertension. Both low and high birthweight, as well as maternal obesity and gestational diabetes, afect in-utero development of the kidney and its health into adulthood. However, other variables that include childhood nutrition, acute kidney injury, excessive childhood weight gain, and obesity also worsen long-term renal function."", 'Management Intense and lengthy psychotherapy is required to effect significant improvement in patients who have personality disorders (177). There is increasing evidence that expert, targeted therapeutic interventions can be successful and that the long-term prognosis is more hopeful than previously believed. The challenge in the gynecology setting is to minimize contention and drain on medical staff while maximizing the likelihood of effective diagnosis and treatment of the patient’s medical problems. The most helpful single step is the identification of the personality disorder. Diagnosis enables the gynecologist to recognize the reasons for a patient’s problem behaviors, to avoid becoming entangled in fruitless interactions with the patient, and to set appropriate limits.\n\nThere is increasing evidence that psychotropic medications are useful adjuncts in the treatment of personality disorders (179). Treatment should be provided in consultation with a psychiatrist. The patient’s ability to use the medication can be compromised by impulsivity, self-destructive tendencies, and unstable relationships. Low doses of major tranquilizers are sometimes helpful, especially when the patient has brief psychotic episodes. Minor tranquilizers or anxiolytics pose significant risk of overdose and physical and psychological habituation (179). They can be prescribed for temporary stresses, but only in a quantity sufficient for several days and with no refill allowed. Some patients’ anxiety, demands, and power struggles are eased when they are given control over their own use of medication. Such an approach requires enough familiarity with the patient to ensure her safety and should be managed by an expert. Because the patient with a personality disorder attributes her problems to others, her symptoms cannot be adduced as reasons for psychiatric referral, but her suffering can be. If a diagnosis of a personality disorder absolutely must be noted in the patient’s chart or on insurance forms, it is essential that she be so informed. It is useful to review the DSM-IV-TR criteria with her so that she understands the basis for the diagnosis (9). All psychiatric diagnoses, but particularly personality disorders, carry a significant stigma.', 'Inspection includes general appearance, nutritional status, circulation, and respiratory effort. Many chromosomal abnormalities and syndromes associated with cardiac defects have dysmorphic features or failure to thrive (see Table 139-2).Skin color must be assessed for cyanosis and pallor. Central cyanosis (tongue, lips) is associated with arterial desaturation; isolated peripheral cyanosis (hands, feet) is associated with normal arterial saturation and increased peripheral extraction of oxygen. Perioral cyanosis is a common finding, especially in pale infants or when infants and toddlers become cold. Chronic arterial desaturation results in clubbing of the fingernails and toenails. Inspection of the chest may reveal asymmetry or a prominent left precordium suggesting chronic cardiac enlargement.\n\nAfter inspection, palpation of pulses in all four extremities, the precordial activity, and the abdomen is performed. Pulses are assessed for rate, regularity, intensity, symmetry, and timing between upper and lower extremities. A good pedal pulse with normal right arm blood pressure effectively rules out coarctation of the aorta. The precordium should be assessed for apical impulse, point of maximum impulse, hyperactivity, and presence of a thrill. Abdominal palpation assesses liver and spleen size. The liver size provides an assessment of intra-vascular volume and is enlarged with systemic venous congestion. The spleen may be enlarged with infective endocarditis.\n\nAuscultation is the most important part of the cardiovascular examination, but should supplement what already has been found by inspection and palpation. Systematic listening in a quiet room allows assessment of each portion of the cardiac cycle. In addition to heart rate and regularity, the heart sounds, clicks, and murmurs need to be timed and characterized.']",Supravalvular aortic stenosis,Supravalvular aortic stenosis,0.0,0.0,0.0,0.75,0.6642283967347233,golden_006,C,C,True,True
"A 10-year-old boy is brought in by his mother with increasing abdominal pain for the past week. The patient’s mother says he has been almost constantly nauseous over that time. She denies any change in his bowel habits, fever, chills, sick contacts or recent travel. The patient has no significant past medical history and takes no medications. The patient is at the 90th percentile for height and weight and has been meeting all developmental milestones. The temperature is 36.8℃ (98.2℉). On physical examination, the patient’s abdomen is asymmetrically distended. Bowel sounds are normoactive. No lymphadenopathy is noted. A cardiopulmonary examination is unremarkable. Palpation of the right flank and right iliac fossa reveals a 10 × 10 cm firm mass which is immobile and tender. The laboratory findings are significant for the following: 
Hemoglobin 10 g/dL
Mean corpuscular volume 88 μm3
Leukocyte count 8,000/mm3
Platelet count 150,000/mm3
    Serum creatinine 1.1 mg/dL
Serum lactate dehydrogenase (LDH) 1,000 U/L
An ultrasound-guided needle biopsy of the flank mass was performed, and the histopathologic findings are shown in the exhibit (see image). Which of the following is the most likely diagnosis in this patient?","['Physical Examination The physical examination should include measurements of vital signs and examination of the abdomen and pelvis. Frequently, the findings before rupture and hemorrhage are nonspecific, and vital signs are normal. The abdomen may be nontender or mildly tender, with or without rebound. The uterus may be slightly enlarged, with findings similar to a normal pregnancy (103,104). Cervical motion tenderness may or may not be present. An adnexal mass may be palpable in up to 50% of cases, but the mass varies markedly in size, consistency, and tenderness. A palpable mass may be the corpus luteum and not the ectopic pregnancy. With rupture and intra-abdominal hemorrhage, the patient develops tachycardia followed by hypotension. Bowel sounds are decreased or absent. The abdomen is distended, with marked tenderness and rebound tenderness. Cervical motion tenderness is present. Frequently, the findings of the pelvic examination are inadequate because of pain and guarding.\n\nHistory and physical examination may or may not provide useful diagnostic information. The accuracy of the initial clinical evaluation is less than 50% (105). Additional tests are frequently required to differentiate early viable intrauterine pregnancy or suspected ectopic or abnormal intrauterine pregnancy.\n\nLaboratory Assessment Quantitative β-human chorionic gonadotropin (β-hCG) measurements are the diagnostic cornerstone for ectopic pregnancy. The hCG enzyme immunoassay, with a sensitivity of 25 mIU/mL, is an accurate screening test for detection of ectopic pregnancy. The assay is positive in virtually all documented ectopic pregnancies.', '. Laboratory findings reflect intravascular volume deple-tion and consist of hemoconcentration and electrolyte abnor-malities. Mild leukocytosis is common.Features of strangulated obstruction include abdominal pain often disproportionate to the degree of abdominal findings, suggestive of intestinal ischemia. Patients often have tachycar-dia, localized abdominal tenderness, fever, marked leukocyto-sis, and acidosis. Any of these findings should alert the clinician to the possibility of strangulation and the need for early surgical intervention.DiagnosisThe diagnostic evaluation should focus on the following goals: (a) distinguish mechanical obstruction from ileus, (b) determine the etiology of the obstruction, (c) discriminate partial from complete obstruction, and (d) discriminate simple from stran-gulating obstruction.Important elements to obtain on history include prior abdominal operations (suggesting the presence of adhesions) and the presence of abdominal disorders (e.g., intra-abdominal cancer or inflammatory bowel disease) that may provide insights into the etiology of obstruction. Upon examination, a meticulous search for hernias (particularly in the inguinal and femoral regions) should be conducted.The diagnosis of small bowel obstruction is usually con-firmed with radiographic examination. The abdominal series consists of (a) a radiograph of the abdomen with the patient in a supine position, (b) a radiograph of the abdomen with the patient in an upright position, and (c) a radiograph of the chest with the patient in an upright position. The finding most specific for small bowel obstruction is the triad of dilated small bowel loops (>3 cm in diameter), air-fluid levels seen on upright films, and a paucity of air in the colon. The sensitivity of abdominal radiographs in the detection of small bowel obstruction ranges from 70% to 80%', 'Q3. Why is urinary urobilinogen increased relative to normal in hemolytic jaundice and absent in obstructive jaundice?\n\nCase 7: Joint Pain\n\nPatient Presentation: IR is a 22-year-old male who presents for follow-up 10 days after having been treated in the Emergency Department (ED) for severe inflammation at the base of his thumb.\n\nFocused History: This was IR’s first occurrence of severe joint pain. In the ED, he was given an anti-inflammatory medication. Fluid aspirated from the carpometacarpal joint of the thumb was negative for organisms but positive for needle-shaped monosodium urate (MSU) crystals (see image at right). The inflammatory symptoms have since resolved. IR reports he is in good health otherwise, with no significant past medical history. His body mass index (BMI) is 31. No tophi (deposits of MSU crystals under the skin) were detected in the physical examination.\n\nPertinent Findings: Results on a 24-hour urine specimen and blood tests requested in advance of this visit reveal that IR is not an undersecretor of uric acid. His blood urate was 8.5 mg/dl (reference = 2.5–8.0). The unusually young age of presentation is suggestive of an enzymopathy of purine metabolism, and additional blood tests are ordered.\n\nDiagnosis: IR has gout (MSU crystal deposition disease), a type of inflammatory arthritis.\n\nTreatment: IR was given prescriptions for allopurinol and colchicine. The treatment goals are to reduce his blood urate levels to <6.0 mg/dl and prevent additional attacks. He was advised to lose weight because being overweight or obese is a risk factor for gout. His BMI of 31 puts him in the obese category. He was also given written information on the association between diet and gout.', 'The history and examination are often enough to make the diagnosis, but laboratory and imaging studies are helpful when the diagnosis is uncertain (Table 129-3). A WBC count greater than 10,000/mm3 is found in 89% of patients with appendicitis and 93% with perforated appendicitis. This criterion is met by 62% of abdominal pain patients without appendicitis. Urinalysis is done to rule out urinary tract infection, and x-rays of the chest or the kidney, ureter, and bladder (KUB) rule\n\nCBC with differential Urinalysis Amylase and lipase ALT, AST, GGT Flat and upright abdominal radiographs (KUB)\n\nAbdominal ultrasound CT scan of abdomen\n\nALT, Alanine aminotransferase; AST, aspartate aminotransferase; CBC, complete blood count; CT, computed tomography; GGT, γ-glutamyltransferase; KUB, kidney, ureter, bladder. *Perform when diagnosis remains in doubt.\n\nout lower lobe pneumonia masquerading as abdominal pain. Amylase, lipase, and liver enzymes are done to look for pancreatic or liver and gallbladder disease. The plain abdominal x-ray may reveal a calcified fecalith, which strongly suggests the diagnosis. When these studies are inconclusive, imaging is indicated with an abdominal ultrasound or CT scan, which may reveal the presence of an enlarged, thick-walled appendix with surrounding fluid. A diameter of more than 6 mm is considered diagnostic.\n\nTreatment of appendicitis is surgical. Simple appendectomy iscurative if performed before perforation. With perforation, a course of postoperative IV antibiotics is required. Broad-spectrumcoverage is necessary to cover the mixed bowel flora.', 'TQ4. One of the reasons for encouraging smoking cessation and exercise for BJ is that these changes raise the level of HDL, and elevated HDL reduces the risk for CHD. How does a rise in HDL reduce the risk for CHD?\n\nCase 2: Severe Fasting Hypoglycemia\n\nPatient Presentation: JS is a 4-month-old boy whose mother is concerned about the “twitching” movements he makes just before feedings. She tells the pediatrician that the movements started ~1 week ago, are most apparent in the morning, and disappear shortly after eating.\n\nFocused History: JS is the product of a normal pregnancy and delivery. He appeared normal at birth. On his growth charts, he has been at the 30th percentile for both weight and length since birth. His immunizations are up to date. JS last ate a few hours ago.\n\nPhysical Examination (Pertinent Findings): JS appears sleepy and feels clammy to the touch. His respiratory rate is elevated. His temperature is normal. JS has a protuberant, firm abdomen that appears to be nontender. His liver is palpable 4 cm below the right costal margin and is smooth. His kidneys are enlarged and symmetrical.\n\nPertinent Test Results:\n\nH = High; L = Low.']",Burkitt lymphoma,Burkitt lymphoma,0.0,0.0,0.0,0.875,0.5554249618657976,golden_007,A,A,True,True
"A 45-year-old man with HIV comes to the physician because of multiple lesions on his chest and lower extremities. The lesions have progressively increased in size and are not painful or pruritic. Current medications include abacavir, dolutegravir, and lamivudine. A photograph of the lesions is shown. His CD4+ T-lymphocyte count is 450/mm3 (normal ≥ 500/mm3). A skin biopsy shows multiple spindle-shaped cells and lymphocytic infiltrate. Which of the following is the most appropriate pharmacotherapy?","['There are several types of KS:\n\nThe classic variant is characterized by multicentric vascular macules and coalescent papules and plaques on the lower extremities. It usually occurs in the elderly, with a preponderance of cases in patients of Ashkenazi Jewish or Mediterranean descent.\n\nMore disseminated cases occur in African KS (endemic KS) and in immunocompromised patients.\n\nEpidemic HIV-associated KS is an aggressive form of the disease, and although less common since the advent of HAART, it remains the most common HIV-associated malignancy.\n\nDiagnosed by history and clinical impression, which are confirmed by biopsy showing spindle cells (elongated tumor cells) with  HHV-8 staining. The presence of the viral protein LANA in tumor cells can also be detected for diagnostic confirmation.\n\nTreatment is technically palliative. Local lesions may be treated with radiation or cryotherapy; surgery is not recommended. Widespread or internal disease is treated with systemic chemotherapy (anthracyclines, paclitaxil, or IFN-α).\n\nNot a fungus, but rather a slow, progressive neoplastic proliferation of T cells. Its pathogenesis is thought to be related to chronic immunostimulation that leads helper T cells to gather in the epidermis. Industrial exposure to irritating chemicals appears to ↑ risk. The disease is chronic and is more common in men than in women.\n\nThe early lesion is a nonspecific, psoriatic-appearing plaque that is palpable and often pruritic.\n\nStage I involves limited plaques, papules, and patches affecting < 10% BSA with no nodal involvement.', 'Abacavir {(1S,cis)-4-[2-amino-6-(cyclopropylamino)-9H-purin9-yl]-2-cyclopentene-1-methanol sulfate (salt)(2:1)} is a synthetic carbocyclic analogue of the nucleoside guanosine. It is licensed to be used in combination with other antiretroviral agents for the treatment of HIV-1 infection. Hypersensitivity reactions that may occur with initial therapy or rechallenge have been reported in ~4% of patients treated with this drug, and patients developing signs or symptoms of hypersensitivity such as fever, skin rash, fatigue, and GI symptoms should discontinue the drug and not restart it. Fatal hypersensitivity reactions have been reported with rechallenge. Abacavir hypersensitivity occurs with a higher frequency in patients who are HLA-B5701-positive. It is recommended that patients be screened for HLA-B5701 prior to initiation of abacavir and that 1278 abacavir only be used as a last resort and with close monitoring in patients who are HLA-B5701-positive. Abacavir-resistant strains of HIV are typically also resistant to lamivudine, emtricitabine, didanosine, and zalcitabine. In randomized trials abacavir was found to be inferior to tenofovir in patients with baseline HIV RNA levels >100,000 copies/mL. Abacavir is formulated alone as well as in combination with lamivudine, with zidovudine and lamivudine or with lamivudine and dolutegravir', 'FIGuRE 226-42 Chest x-ray of a patient with AIDS and pulmonary Kaposi’s sarcoma. The characteristic findings include dense bilateral lower lobe infiltrates obscuring the heart borders and pleural effusions.\n\nA diagnosis of KS is based on biopsy of a suspicious lesion. Histologically one sees a proliferation of spindle cells and endothelial cells, extravasation of red blood cells, hemosiderin-laden macrophages, and, in early cases, an inflammatory cell infiltrate. Included in the differential diagnosis are lymphoma (particularly for oral lesions), bacillary angiomatosis, and cutaneous mycobacterial infections.\n\nManagement of KS (Table 226-18) should be carried out in consultation with an expert since definitive treatment guidelines do not exist. In the majority of cases, effective cART will go a long way in achieving control. Antiretroviral therapy has been associated with the spontaneous regression of KS lesions. Paradoxically, it has also been associated with the initial appearance of KS as a form of IRIS. For patients in whom tumor persists or is compromising vital functions or in whom control of HIV replication is not possible, a variety of options exist. In some cases, lesions remain quite indolent, and many of these patients can be managed with no specific treatment. Fewer than 10% of AIDS patients with KS die as a consequence of their malignancy,\n\nGood Risk (Stage 0): Poor Risk (Stage 1): Parameter All of the Following Any of the Following\n\nHuman Immunodeficiency Virus Disease: AIDS and Related Disorders aDefined as unexplained fever, night sweats, >10% involuntary weight loss, or diarrhea persisting for more than 2 weeks.\n\nObservation and optimization of antiretroviral therapy\n\nSingle or limited number of lesions', 'Seborrheic dermatitis occurs in 3% of the general population and in up to 50% of patients with HIV infection. Seborrheic dermatitis increases in prevalence and severity as the CD4+ T cell count declines. In HIV-infected patients, seborrheic dermatitis may be aggravated by concomitant infection with Pityrosporum, a yeastlike fungus; use of topical antifungal agents has been recommended in cases refractory to standard topical treatment.\n\nFolliculitis is among the most prevalent dermatologic disorders in patients with HIV infection and is seen in ~20% of patients. It is more common in patients with CD4+ T cell counts <200 cells/μL. Pruritic papular eruption is one of the most common pruritic rashes in patients with HIV infection. It appears as multiple papules on the face, trunk, and extensor surfaces and may improve with cART. Eosinophilic pustular folliculitis is a rare form of folliculitis that is seen with increased frequency in patients with HIV infection. It presents as multiple, urticarial perifollicular papules that may coalesce into plaquelike lesions. Skin biopsy reveals an eosinophilic infiltrate of the hair follicle, which in certain cases has been associated with the presence of a mite. Patients typically have an elevated serum IgE level and may respond to treatment with topical anthelmintics. Pruritus is a common symptom in patients with HIV infection and can lead to prurigo nodularis. Patients with HIV infection have also been reported to develop a severe form of Norwegian scabies with hyperkeratotic psoriasiform lesions.', 'the HIV-infected patient includes primary CNS lymphoma and, less commonly, TB or fungal or bacterial abscesses. The definitive diagnostic procedure is brain biopsy. However, given the morbidity rate that can accompany this procedure, it is usually reserved for the patient who has failed 2–4 weeks of empiric therapy for toxoplasmosis. If the patient is seronegative for T. gondii, the likelihood that a mass lesion is due to toxoplasmosis is <10%. In that setting, one may choose to be more aggressive and perform a brain biopsy sooner. Standard treatment is sulfadiazine and pyrimethamine with leucovorin as needed for a minimum of 4–6 weeks. Alternative therapeutic regimens include clindamycin in combination with pyrimethamine; atovaquone plus pyrimethamine; and azithromycin plus pyrimethamine plus rifabutin. Relapses are common, and it is recommended that patients with a history of prior toxoplasmic encephalitis receive maintenance therapy with sulfadiazine, pyrimethamine, and leucovorin as long as their CD4+ T cell counts remain <200 cells/μL. Patients with CD4+ T cell counts <100/μL and IgG antibody to Toxoplasma should receive primary prophylaxis for toxoplasmosis. Fortunately, the same daily regimen of a single double-strength tablet of TMP/SMX used for P. jiroveci prophylaxis provides adequate primary protection against toxoplasmosis. Secondary prophylaxis/maintenance therapy for toxoplasmosis may be discontinued in the setting of effective cART and increases in CD4+ T cell counts to >200/μL for 6 months.']",Alpha-interferon,Alpha-interferon,1.0,0.0,0.9999999999,1.0,0.5380086557848083,golden_008,C,C,True,True
"A two-month-old female presents to the emergency department for difficulty feeding. The patient was born at 38 weeks gestation to a 29-year-old primigravid via vaginal delivery. The newborn period has thus far been uncomplicated. The patient has been exclusively breastfed since birth. Her parents report that feeding had previously seemed to be going well, and the patient has been gaining weight appropriately. Over the past several days, the patient’s mother has noticed that the patient seems to tire out before the end of the feeding. She has also noticed that the patient begins to appear short of breath and has a bluish discoloration of her lips. The patient’s height and weight were in the 20th and 10th percentile at birth, respectively. Her current height and weight are in the 20th and 15th percentiles, respectively. Her temperature is 98.0°F (36.7°C), blood pressure is 60/48 mmHg, pulse is 143/min, and respirations are 40/min. On physical exam, the patient is in no acute distress and appears well developed. A systolic crescendo-decrescendo murmur can be heard at the left upper sternal border. Her abdomen is soft, non-tender, and non-distended. During the abdominal exam, the patient begins crying and develops cyanosis of the perioral region.

Which of the following is the best initial test to diagnose this patient’s condition?","['. This is particularly true in infants, who have little reserve at baseline and even less when ill. Failure to pay meticulous attention to their hydration status can result in significant fluid overload or dehydration. Several surgical diagnoses such as gastroschisis or short-gut syndrome are characterized by a predisposition to fluid loss. Others require judicious restoration of intravascular volume in order to pre-vent cardiac failure as is the case in patients with congenital diaphragmatic hernia and associated pulmonary hypertension.The infant’s physiologic day is approximately eight hours in duration. Accordingly, careful assessment of the individual patient’s fluid balance, including fluid intake and output for the previous eight hours, is essential to prevent dehydration or fluid overload. Clinical signs of dehydration include tachycardia, decreased urine output, reduced skin turgor, depressed fonta-nelle, absent tears, lethargy, and poor feeding. Fluid overload is often manifested by the onset of a new oxygen requirement, respiratory distress, tachypnea, and tachycardia. The physi-cal assessment of the fluid status of each child must include a complete head-to-toe evaluation, with emphasis on determining whether perturbations in normal physiology are present.At 12 weeks’ gestation, the total body water of a fetus is approximately 94 cc/kg. By the time the fetus reaches full term, the total body water has decreased to approximately 80 cc/kg. Total body water drops an additional 5% within the first week of life, and by 1 year of life, total body water approaches adult levels, around 60 to 65 cc/kg. Parallel to the drop in total body water is the reduction in extracellular fluid. These changes are accelerated in the preterm infant who may face additional fluid losses due to coexisting congenital anomalies or surgery', 'Choose the ONE best answer. For Questions 26.1 and 26.2, use the following scenario.\n\nA 40-year-old woman, 5 ft, 1 in (155 cm) tall and weighing 188 lb (85.5 kg), seeks your advice on how to lose weight. Her waist measured 41 in and her hips 39 in. The remainder of the physical examination and the blood laboratory data were all within the normal range. Her only child (who is age 14 years), her sister, and both of her parents are overweight. The patient recalls being overweight throughout her childhood and adolescence. Over the past 15 years, she had been on seven different diets for periods of 2 weeks to 3 months, losing from 5 to 25 lb each time. On discontinuation of the diets, she regained weight, returning to 185–190 lb.\n\n6.1. Calculate and interpret the body mass index for the patient.\n\nBody mass index (BMI) = weight in kg/(height in m)2 = 85.5/1.552 = 35.6. Because her BMI is >30, the patient is classified as obese.\n\n6.2. Which one of the following statements best describes the patient?\n\nA. She has approximately the same number of adipocytes as an individual of normal weight, but each adipocyte is larger.\n\nB. She shows an apple pattern of fat distribution.\n\nC. She would be expected to show higher-than-normal levels of adiponectin.\n\nD. She would be expected to show lower-than-normal levels of circulating leptin.\n\nE. She would be expected to show lower-than-normal levels of circulating triacylglycerols.', 'The examination should proceed with an assessment of vital signs, particularly heart rate (normal rate, 120 to 160 beats/min); respiratory rate (normal rate, 30 to 60 breaths/min); temperature (usually done per rectum and later as an axillary measurement); and blood pressure (often reserved for sick infants). Length, weight, and head circumference should be measured and plotted on growth curves to determine whether growth is normal, accelerated, or retarded for the specific gestational age.\n\nFigure 58-3 Physical criteria for assessment of maturity and gestational age. Expanded New Ballard Score (NBS) includes extremely premature infants and has been refined to improve accuracy in more mature infants. (From Ballard JL, Khoury JC, Wedig K, et al: New Ballard Score, expanded to include extremely premature infants, J Pediatr 119:417-423, 1991.)\n\nGestational age is determined by an assessment of various physical signs (Fig. 58-3) and neuromuscular characteristics (Fig. 58-4) that vary according to fetal age and maturity. Physical criteria mature with advancing fetal age, including increasing firmness of the pinna of the ear; increasing size of the breast tissue; decreasing fine, immature lanugo hair over the back; and decreasing opacity of the skin. Neurologic criteria mature with gestational age, including increasing flexion of the legs, hips, and arms; increasing tone of the flexor muscles of the neck; and decreasing laxity of the joints. These signs are determined during the first day of life and are assigned scores. The cumulative score is correlated with a gestational age, which is usually accurate to within 2 weeks (Fig. 58-5).', 'Physical Examination A thorough gynecologic physical examination is typically performed at the time of the initial visit, on a yearly basis, and as needed throughout the course of treatment (Table 1.6). The extent of the physical examination during the gynecologic visit is often dictated by the patient’s primary concerns and symptoms. For example, for healthy teens without symptoms who are requesting oral contraceptives before the initiation of intercourse, a gynecologic examination is not necessarily required. Some aspects of the examination—such as assessment of vital signs and measurement of height, weight, blood pressure, and calculation of a body mass index— should be performed routinely during most office visits. Typically, examination of the breasts and abdomen and a complete examination of the pelvis are considered to be essential parts of the gynecologic examination. It is often helpful to ask the patient if the gynecologic examination was difficult for her in the past; this may be true for women with a history of sexual abuse. For women who are undergoing their first gynecologic examination, it may be useful to ask what they have heard about the gynecologic examination or to state: “Most women are nervous before their first exam, but afterward, most describe it as ‘uncomfortable.’”\n\nAbdominal Examination With the patient in the supine position, an attempt should be made to have her relax as much as possible. Her head should be leaned back and supported gently by a pillow so that she does not tense her abdominal muscles. Flexion of the knees may facilitate relaxation.', ""Gynecol 141:646, 1981\n\nClark SL, Sabey P, Jolley K: Nonstress testing with acoustic stimulation and amnionic luid volume assessment: 5973 tests without unexpected fetal death. Am J Obstet Gynecol 160:694, 1989\n\nCousins LM, Poelder DM, Faron 5, et al: Nonstress testing at ;32.0 weeks' gestation: a randomized trial comparing diferent assessment criteria. Am J Obstet (4):311.e1, 2012\n\nDawes GS: Breathing before birth in animals and man. An essay in medicine.\n\nPhysiol Med 290:557, 1974\n\nDawes GS, Fox HE, Leduc BM, et al: Respiratory movements and rapid eye movement sleep in the foetal lamb. J Physiol 220: 119, 1972\n\nDayal AK, Manning FA, Berek DJ, et al: Fetal death after normal biophysical proile score: an eighteen year experience. m J Obstet Gynecol 181:o1231, 1999\n\nDevoe LD: Antenatal fetal assessment: contraction stress test, nonstress test, vibroacoustic stimulation, amniotic fluid volume, biophysical proile, and modified biophysical profile-an overview. Semin Perinatol 32(4):247, 2008\n\nDevoe LD, Castillo A, Sherline DM: The nonstress test as a diagnostic test: a critical reappraisal. Am J Obstet GynecoIo152:1047, 1986\n\nDevoe LD, McKenzie J, Searle NS, et al: Clinical sequelae of the extended nonstress test. m J Obstet GynecoIo151:1074, 1985""]",Echocardiogram,Echocardiogram,0.0,0.0,0.0,0.75,0.5840148512744623,golden_009,D,D,True,True
"A 35-year-old female presents to the emergency room complaining of diarrhea and dehydration. She has been experiencing severe watery diarrhea for the past 3 days. She reports that she has been unable to leave the bathroom for more than a few minutes at a time. She noticed earlier today that there was some blood on her toilet paper after wiping. She recently returned from a volunteer trip to Yemen where she worked at an orphanage. Her past medical history is notable for psoriasis for which she takes sulfasalazine. The patient drinks socially and does not smoke. Her temperature is 99°F (37.2°C), blood pressure is 100/55 mmHg, pulse is 130/min, and respirations are 20/min. Mucus membranes are dry. Her eyes appear sunken. Capillary refill is 4 seconds. The patient is started on intravenous fluid resuscitation. Which of the following processes is capable of transmitting the genetic material for the toxin responsible for this patient’s condition?","['Vibrio organisms are noninvasive but cause disease by producing a toxin that interferes with the absorptive function of enterocytes. Flagellar proteins, which are involved in motility and attachment, are necessary for efficient bacterial colonization, and a secreted metalloproteinase that also has hemagglutinin activity is important for bacterial detachment and shedding in the stool. However, it is the preformed enterotoxin, cholera toxin, which causes disease. The toxin, which is composed of five B subunits that direct endocytosis and a single active A subunit, is delivered to the endoplasmic reticulum by retrograde transport. A fragment of the A subunit is transported from the endoplasmic reticulum lumen into the cytosol, where it interacts with cytosolic ADP ribosylation factors to ribosylate and activate the G protein Gsα. This stimulates adenylate cyclase, and the resulting increases in intracellular cyclic adenosine monophosphate (cAMP) open the cystic fibrosis transmembrane conductance regulator (CFTR), which releases chloride ions into the lumen. This creates an osmotic gradient that draws water into the lumen, leading to massive secretory diarrhea. Remarkably, mucosal biopsy specimens show only minimal morphologic alterations.\n\nMost exposed individuals are asymptomatic or suffer only mild diarrhea. Those with severe disease have an abrupt onset of watery diarrhea and vomiting after an incubation period of 1 to 5 days. The volume of diarrhea may reach 1 L per hour, leading to dehydration, hypotension, electrolyte imbalances, muscular cramping, anuria, shock, loss of consciousness, and death. Most deaths occur within the first 24 hours of presentation. Although the mortality rate for severe cholera is 50% to 70% without treatment, fluid replacement can save more than 99% of patients.', 'Charles DeBattista, MD house and has no motivation, interest, or energy to pursue recreational activities that she once enjoyed such as hiking. She describes herself as “chronically miserable and worried all the time.” Her medical history is notable for chronic neck pain from a motor vehicle accident for which she is being treated with tramadol and meperidine. In addition, she is on hydrochlorothiazide and propranolol for hypertension. The patient has a history of one depressive episode after a divorce that was treated successfully with fluoxetine. Medical workup including complete blood cell count, thyroid func-tion tests, and a chemistry panel reveals no abnormalities. She is started on fluoxetine for a presumed major depressive episode and referred for cognitive behavioral psychotherapy. What CYP450 and pharmacodynamic interactions might be associated with fluoxetine use in this patient? Which class of antidepressants would be contraindicated in this patient? A 47-year-old woman presents to her primary care physician with a chief complaint of fatigue. She indicates that she was promoted to senior manager in her company approximately 11 months earlier. Although her promotion was welcome and came with a sizable raise in pay, it resulted in her having to move away from an office and group of colleagues she very much enjoyed. In addition, her level of responsibility increased dramatically. The patient reports that for the last 7 weeks, she has been waking up at 3 am every night and been unable to go back to sleep. She dreads the day and the stresses of the workplace. As a consequence, she is not eating as well as she might and has dropped 7% of her body weight in the last 3 months. She also reports being so stressed that she breaks down crying in the office occasionally and has been calling in sick frequently. When she comes home, she finds she is less motivated to attend to chores around the', 'V. cholerae.\n\nOnce established in the human small bowel, the organism produces cholera toxin, which consists of a monomeric enzymatic moiety (the A subunit) and a pentameric binding moiety (the B subunit). The B pen-tamer binds to GM1 ganglioside, a glycolipid on the surface of epithelial cells that serves as the toxin receptor and makes possible the delivery of the A subunit to its cytosolic target. The activated A subunit (A1) irreversibly transfers ADP-ribose from nicotinamide adenine dinucleotide to its specific target protein, the GTP-binding regulatory component of adenylate cyclase. The ADP-ribosylated G protein upregulates the activity of adenylate cyclase; the result is the intracellular accumulation of high levels of cyclic AMP. In intestinal epithelial cells, cyclic AMP inhibits the absorptive sodium transport system in villus cells and activates the secretory chloride transport system in crypt cells, and these events lead to the accumulation of sodium chloride in the intestinal lumen. Because water moves passively to maintain osmolality, isotonic fluid accumulates in the lumen. When the volume of that fluid exceeds the capacity of the rest of the gut to resorb it, watery diarrhea results. Unless the wasted fluid and electrolytes are adequately replaced, shock (due to profound dehydration) and acidosis (due to loss of bicarbonate) follow. Although perturbation of the adenylate cyclase pathway is the primary mechanism by which cholera toxin causes excess fluid secretion, cholera toxin also enhances intestinal secretion via prostaglandins and/or neural histamine receptors.\n\nThe V. cholerae genome comprises two circular chromosomes.', 'CHAPTER 46 Sulfonamides,\n\nTrimethoprim, & Quinolones\n\nCamille E. Beauduy, PharmD, & Lisa G. Winston, MD*\n\nA 59-year-old woman presents to an urgent care clinic with a 4-day history of frequent and painful urination. She has had fevers, chills, and flank pain for the past 2 days. Her physician advised her to come immediately to the clinic for evaluation. In the clinic she is febrile (38.5°C [101.3°F]) but otherwise stable and states she is not experiencing any nausea or vomiting. Her urine dipstick test is positive for leukocyte esterase. Urinalysis and urine culture are ordered. Her past medical history is significant for three urinary tract infections in the past year. Each episode was uncom-plicated, treated with trimethoprim-sulfamethoxazole, and promptly resolved. She also has osteoporosis for which she takes a daily calcium supplement. The decision is made to treat her with oral antibiotics for a complicated urinary tract infection with close follow-up. Given her history, what would be a reasonable empiric antibiotic choice? Depending on the antibiotic choice are there potential drug interactions?\n\nThe basic formulas of the sulfonamides and their structural similarity to p-aminobenzoic acid (PABA) are shown in Figure 46–1. Sulfonamides with varying physical, chemical, pharmacologic, and antibacterial properties are produced by attaching substituents to the amido group ( ⎯ SO2 ⎯ NH ⎯ R) or the amino group ( ⎯ NH2) of the sulfanilamide nucleus. Sulfonamides tend to be much more soluble at alkaline than at acid pH. Most can be prepared as sodium salts, which are used for intravenous administration.', 'Normal peristalsis is the major mechanism for clearance of bacteria from the proximal small intestine. When intestinal motility is impaired (e.g., by treatment with opiates or other antimotility drugs, anatomic abnormalities, or hypomotility states), the frequency of bacterial overgrowth and infection of the small bowel with enteric pathogens is increased. Some patients whose treatment for Shigella infection consists of diphenoxylate hydrochloride with atropine (Lomotil) experience prolonged fever and shedding of organisms, while patients treated with opiates for mild Salmonella gastroenteritis have a higher frequency of bacteremia than those not treated with opiates.\n\nBoth cellular immune responses and antibody production play important roles in protection from enteric infections. Humoral immunity to enteric pathogens consists of systemic IgG and IgM as well as secretory IgA. The mucosal immune system may be the first line of defense against many gastrointestinal pathogens. The binding of bacterial antigens to the luminal surface of M cells in the distal small bowel and the subsequent presentation of antigens to subepithelial lymphoid tissue lead to the proliferation of sensitized lymphocytes. These lymphocytes circulate and populate all of the mucosal tissues of the body as IgAsecreting plasma cells.\n\nHost genetic variation influences susceptibility to diarrheal diseases. People with blood group O show increased susceptibility to disease due to V. cholerae, Shigella, E. coli O157, and norovirus. Polymorphisms in genes encoding inflammatory mediators have been associated with the outcome of infection with enteroaggregative E. coli, enterotoxin-producing E. coli, Salmonella, C. difficile, and V. cholerae.\n\nAPPROACH TO THE PATIENT:\n\nThe approach to the patient with possible infectious diarrhea or bacterial food poisoning is shown in Fig. 160-1.']",Conjugation,Transduction,0.0,0.0,0.0,0.18039581689884535,0.6019952348619838,golden_010,B,C,False,True
"A 19-year-old woman presents to her gynecologist’s office stating that she has never had a period. She is slightly alarmed because most of her friends in college have been menstruating for years. She is also concerned about her short stature. When she previously visited her family physician during early puberty, she was told that she will gain the appropriate height during her final teenage years. However, over the past few years, she has gained only a couple of inches. On examination, she has a wide chest and short neck. Her breast development is at Tanner stage 1. Her external genitalia is normal with sparse hair distribution over the mons pubis. Her gynecologist suspects a genetic condition and sends her for genetic counseling. Based on her clinical findings, which of the following diseases is she most likely to develop?","['Figure 29.13 Right A: A 16-year-old girl with delayed puberty. Breast budding began at 11 years of age, but there was no further development. During the year before presentation, her scholastic performance in school deteriorated, she gained 25 lb, she became increasingly lethargic, and nocturia and polydypsia were noted. Initial evaluation documented low follicle-stimulating hormone, elevated prolactin, and a bone age of 10.5 years. Computed tomography scanning documented a large hypothalamic neoplasm that proved to be an ectopic germinoma. The patient was also documented to be hypothyroid and hypoadrenal and to have diabetes insipidus. Despite the elevated prolactin, she had no galactorrhea because of the minimal breast development. (From Rebar RW. Normal and abnormal sexual differentiation and pubertal development. In: Moore TR, Reiter RC, Rebar RW, et al., eds. Gynecology and obstetrics: a longitudinal approach. New York: Churchill Livingstone, 1993:97–133, with permission.)\n\nSevere chronic illnesses, often accompanied by malnutrition, may lead to slowed growth in childhood and delayed adolescence. Regardless of the cause, weight loss to less than 80% to 85% of ideal body weight often results in hypothalamic GnRH deficiency. If adequate body weight and nutrition are maintained in chronic illnesses such as Crohn disease or chronic pulmonary or renal disease, sufficient gonadotropin secretion usually is present to initiate and maintain pubertal development.\n\nAnorexia Nervosa and Bulimia Significant weight loss and psychological dysfunction occur simultaneously with anorexia nervosa (60,61). Although many anorectic girls experience amenorrhea after pubertal development begins, if the disorder begins sufficiently early,', 'Charles DeBattista, MD house and has no motivation, interest, or energy to pursue recreational activities that she once enjoyed such as hiking. She describes herself as “chronically miserable and worried all the time.” Her medical history is notable for chronic neck pain from a motor vehicle accident for which she is being treated with tramadol and meperidine. In addition, she is on hydrochlorothiazide and propranolol for hypertension. The patient has a history of one depressive episode after a divorce that was treated successfully with fluoxetine. Medical workup including complete blood cell count, thyroid func-tion tests, and a chemistry panel reveals no abnormalities. She is started on fluoxetine for a presumed major depressive episode and referred for cognitive behavioral psychotherapy. What CYP450 and pharmacodynamic interactions might be associated with fluoxetine use in this patient? Which class of antidepressants would be contraindicated in this patient? A 47-year-old woman presents to her primary care physician with a chief complaint of fatigue. She indicates that she was promoted to senior manager in her company approximately 11 months earlier. Although her promotion was welcome and came with a sizable raise in pay, it resulted in her having to move away from an office and group of colleagues she very much enjoyed. In addition, her level of responsibility increased dramatically. The patient reports that for the last 7 weeks, she has been waking up at 3 am every night and been unable to go back to sleep. She dreads the day and the stresses of the workplace. As a consequence, she is not eating as well as she might and has dropped 7% of her body weight in the last 3 months. She also reports being so stressed that she breaks down crying in the office occasionally and has been calling in sick frequently. When she comes home, she finds she is less motivated to attend to chores around the', 'Girls with ambiguous genitalia may require reconstructive surgery, including clitoral recession and vaginoplasty. Timing of such surgery is debated, but the girl must be of appropriate size to ensure the surgery is as simple as possible.\n\nThe most common cause of heterosexual development at the expected age of puberty is PCOS (Fig. 29.21). Because the syndrome is heterogeneous and poorly defined, clinical difficulties result in diagnosis and management (90). For the sake of simplicity, PCOS may be defined as LH-dependent hyperandrogenism (91). The Rotterdam criteria are commonly used to identify individuals with PCOS and require the presence of at least two of the following: oligoor anovulation, clinical and/or biochemical signs of hyperandrogenism, and polycystic ovaries, with exclusion of other etiologies (CAH, androgen-secreting tumors, Cushing syndrome) (92). Polycystic ovaries ultrasonically are defined as the presence of 12 or more follicles in each ovary measuring 2 to 9 mm in diameter and/or increased ovarian volume (>10 mL). Most clinical manifestations arise as a consequence of the hyperandrogenism and often include hirsutism beginning at or near puberty and irregular menses from the age of menarche because of oligoovulation or anovulation. Clinical manifestations are as follows: 1.\n\nAffected girls may be but are not necessarily somewhat overweight.\n\n2.\n\nIn rare instances, menarche may be delayed, and primary amenorrhea may occur.\n\n3.\n\nBasal levels of LH tend to be elevated in most affected individuals, and androgen production is invariably increased, even though circulating levels of androgens may be near the upper limits of the normal range in many affected women.\n\nFigure 29.21 Typical facial hirsutism in three women with polycystic ovarian syndrome. A: 25-year-old.', 'Choose the ONE best answer. For Questions 26.1 and 26.2, use the following scenario.\n\nA 40-year-old woman, 5 ft, 1 in (155 cm) tall and weighing 188 lb (85.5 kg), seeks your advice on how to lose weight. Her waist measured 41 in and her hips 39 in. The remainder of the physical examination and the blood laboratory data were all within the normal range. Her only child (who is age 14 years), her sister, and both of her parents are overweight. The patient recalls being overweight throughout her childhood and adolescence. Over the past 15 years, she had been on seven different diets for periods of 2 weeks to 3 months, losing from 5 to 25 lb each time. On discontinuation of the diets, she regained weight, returning to 185–190 lb.\n\n6.1. Calculate and interpret the body mass index for the patient.\n\nBody mass index (BMI) = weight in kg/(height in m)2 = 85.5/1.552 = 35.6. Because her BMI is >30, the patient is classified as obese.\n\n6.2. Which one of the following statements best describes the patient?\n\nA. She has approximately the same number of adipocytes as an individual of normal weight, but each adipocyte is larger.\n\nB. She shows an apple pattern of fat distribution.\n\nC. She would be expected to show higher-than-normal levels of adiponectin.\n\nD. She would be expected to show lower-than-normal levels of circulating leptin.\n\nE. She would be expected to show lower-than-normal levels of circulating triacylglycerols.', 'Available @ StudentConsult.com\n\nIn addition to other diagnoses mentioned, other conditionsneed to be considered when evaluating girls with lack ofmenses. The Mayer-Rokitansky-Kuster-Hauser syndrome ofcongenital absence of the uterus occurs in 1 in 4000 to 5000female births. Anatomic obstruction by imperforate hymen orvaginal septum also presents with normal secondary sexualdevelopment without menstruation. The complete syndromeof androgen insensitivity includes normal feminization, absence of pubic or axillary hair, and primary amenorrhea.In this syndrome, all müllerian structures, including ovaries, uterus, fallopian tubes, and upper third of the vagina, are lacking; the karyotype is 46,XY, and subjects have intra-abdominal testes.\n\nWhen no secondary sexual development is present after the upper age limits of normal pubertal development, serum gonadotropin levels should be obtained to determine whether the patient has a hypogonadotropic or hypergonadotropic hypogonadism (see Table 174-2). Based on gonadotropin measurements only, the differentiation between constitutional delay in growth and hypogonadotropic hypogonadism is difficult; the gonadotropin levels are low in both conditions. Sometimes observation for months or years is necessary before the diagnosis is confirmed. Ultrasound of the pelvic structures in females would be helpful in the workup of delayed puberty.']",Coarctation of aorta,Coarctation of aorta,0.0,0.0,0.0,0.6250000000000001,0.5614379146236047,golden_011,B,B,True,True
