user_input,retrieved_contexts,response,reference,context_precision,context_recall,faithfulness,answer_correctness,answer_relevancy,question_id,_pred_letter,_gold_letter,_is_correct,_has_context
"A 12-year-old boy who recently immigrated from Namibia is being evaluated for exertional shortness of breath and joint pain for the past month. His mother reports that he used to play soccer but now is unable to finish a game before he runs out of air or begins to complain of knee pain. He was a good student but his grades have recently been declining over the past few months. The mother recalls that he had a sore throat and didn’t go to school for 3 days a few months ago. He had chickenpox at the age of 5 and suffers from recurrent rhinitis. He is currently taking over-the-counter multivitamins. His blood pressure is 110/90 mm Hg, pulse rate is 55/min, and respiratory rate is 12/min. On physical examination, subcutaneous nodules are noted on his elbows bilaterally. On cardiac auscultation, a holosystolic murmur is heard over the mitral area that is localized. Lab work shows:
Hemoglobin 12.9 g/dL
Hematocrit 37.7%
Leukocyte count 5,500/mm3
Neutrophils 65%
Lymphocytes 30%
Monocytes 5%
Mean corpuscular volume 82.2 fL
Platelet count 139,000/mm3
Erythrocyte sedimentation rate 35 mm/h
C-reactive protein 14 mg/dL
Antistreptolysin O (ASO) 400 IU (normal range: > 200 IU)
Which is the mechanism behind the cause of this boy’s symptoms?","['Systemic symptoms and signs aside from fever are infrequent and depend mainly on the more mundane effects of the invading virus; these include sore throat, nausea and vomiting, vague weakness, pain in the back and neck, conjunctivitis, cough, diarrhea, vomiting, rash, petechia, hepatitis, adenopathy, or splenomegaly. The childhood exanthems associated with meningitis and encephalitis (varicella, rubella, mumps) produce well-known eruptions and other characteristic signs. An erythematous papulomacular, nonpruritic rash, confined to the head and neck or generalized, may also be a prominent feature, particularly in children, of certain echoviruses and Coxsackie viruses. Adults may also demonstrate a nonspecific rash but this finding is not specific. An enanthem (herpangina), taking the form of a vesiculoulcerative eruption of the buccal mucosa, may also occur with these viral infections.\n\nIn milder cases, in the first hours or day of the illness, there may be no abnormalities of the spinal fluid, and the patient may erroneously be thought to have migraine or a headache induced by a systemic infectious illness. Microorganisms cannot be demonstrated by conventional smear or culture but may be detected by polymerase chain reaction, the last of these techniques being employed largely in cryptic cases. As a rule, the glucose content of the CSF is normal; but infrequently, mild depression of the CSF glucose (rarely below 25 mg/dL) occurs with the meningitis caused by mumps, HSV-2, lymphocytic choriomeningitis, or VZV.', 'Children with shortened erythrocyte life span (e.g., sickle cell disease) may develop a transient aplastic crisis characterized by ineffective erythroid production typically lasting 7 to 10 days (see Chapter 150). Most children with parvovirus B19-induced transient aplastic crisis have multiple symptoms, including fever, lethargy, malaise, pallor, headache, gastrointestinal symptoms, and respiratory symptoms. The reticulocyte count is extremely low, and the hemoglobin level is lower than usual for the patient. Transient neutropenia and thrombocytopenia also commonly occur.\n\nPersistent parvovirus B19 infection may develop in children with immunodeficiency, causing severe anemia resulting from pure red blood cell aplasia. These children do not display the typical manifestations of erythema infectiosum.\n\nHematologic abnormalities occur with parvovirus infection, including reticulocytopenia lasting 7 to 10 days, mild anemia, thrombocytopenia, lymphopenia, and neutropenia. Parvovirus B19 can be detected by PCR and by electron microscopy of erythroid precursors in the bone marrow. Serologic tests showing specific IgM antibody to parvovirus are diagnostic, demonstrating infection that probably occurred in the prior 2 to 4 months.\n\nThe diagnosis of erythema infectiosum in children is established on the basis of the clinical findings of typical facial rash with absent or mild prodromal symptoms, followed by a reticulated rash over the body that waxes and wanes. The differential diagnosis includes measles, rubella, scarlet fever, enteroviral or adenoviral infection, infectious mononucleosis, scarlet fever, Kawasaki disease, systemic lupus erythematosus, serum sickness, and drug reaction.', 'Fever (usually > 40°C) for at least f ve days.\n\nBilateral, nonexudative, painless conjunctivitis sparing the limbic area.\n\nPolymorphous rash (primarily truncal).\n\nCervical lymphadenopathy (often painful and unilateral, with at least one node > 1.5 cm).\n\nDiffuse mucous membrane erythema (e.g., “strawberry tongue”); dry, red, chapped lips.\n\nErythema of the palms and soles; indurative edema of the hands and feet; late desquamation of the fingertips (in the subacute phase).\n\nOther manifestations include sterile pyuria, gallbladder hydrops, hepatitis, and arthritis.\n\nUntreated Kawasaki disease can lead to coronary aneurysms and even myocardial infarction!\n\nConjunctivitis Rash Adenopathy Strawberry tongue Hands and feet (red, swollen, f aky skin) BURN (fever > 40°C for ≥ 5 days)\n\nSubacute phase: Begins after the abatement of fever and typically lasts for an additional 2–3 weeks. Manifestations are thrombocytosis and elevated ESR. Untreated children may begin to develop coronary artery aneurysms (40%); all patients should be assessed by echocardiography at diagnosis.\n\nChronic phase: Begins when all clinical symptoms have disappeared; lasts until ESR returns to baseline. Untreated children are at risk of aneurysmal expansion and MI.\n\nHigh-dose ASA (for inﬂammation and fever) and IVIG (to prevent aneurysms).\n\nLow-dose ASA is then continued, usually for six weeks. Children who develop coronary aneurysms may require chronic anticoagulation with ASA or other antiplatelet medications.', 'The history can identify symptoms that reflect the source of the inflammation, including whether it is localized or systemic. Symptoms of systemic inflammation tend to be nonspecific. Fever, caused by cytokine release, can take many forms. A hectic fever, without periodicity or pattern, is commonly found in vasculitides such as Kawasaki disease but also occurs in children with underlying infection. Certain illnesses, such as systemic-onset JIA, produce a patterned fever with regular temperature spikes once or twice a day. Other rheumatic illnesses cause low-grade fevers. Charting the child’s fever pattern, particularly in the absence of antipyretics, is useful. Rashes occur in many forms (see Table 86-1). Other systemic symptoms (malaise, anorexia, weight loss, and fatigue) can vary from mild to debilitating.\n\nSymptoms of localized inflammation vary depending on the involved site. Arthritis, or inflammation of the synovium (synovitis), leads to joint pain, swelling, and impaired ability to use the affected joint. Morning stiffness or gelling is described. The child may be slow to arise in the morning and may have a limp. Children may refrain from usual activities and athletics. Enthesitis is inflammation at the insertion of a ligament to a bone. Serositis, inflammation of serosal lining such as pleuritis, pericarditis, or peritonitis, gives rise to chest pain, shortness of breath, or abdominal pain. Myositis,inflammation of the muscle, may lead to symptoms of muscle pain, weakness, or difficulty performing tasks of daily living. Vasculitis, inflammation of the blood vessels, leads to nonspecific symptoms of rash (petechiae, purpura) and edema when small vessels deep in the papillary dermis are involved; involvement of medium-sized vessels results in a circumscribed tender nodule.', 'Compared with classic streptococcal pharyngitis, the onset of viral pharyngitis is typically more gradual, and symptoms more often include rhinorrhea, cough, and diarrhea. Many upper respiratory tract infections present with symptoms of rhinorrhea and nasal obstruction, whereas systemic symptoms and signs, such as myalgia and fever, are absent or mild.\n\nGingivostomatitis is characteristic of herpes simplex virus-1 (see Chapter 65). Herpangina is an enteroviral infection with sudden onset of high fever, vomiting, headache, malaise, myalgia, backache, conjunctivitis, poor intake, drooling, sore throat,and dysphagia. The oral lesions of herpangina may be nonspecific, but classically there are one or more small, tender, papular,or pinpoint vesicular lesions on an erythematous base scatteredover the soft palate, uvula, and tongue. These vesicles enlargefrom 1 to 2 mm to 3 to 4 mm over 3 to 4 days, rupture, and produce small, punched-out ulcers that persist for several days.\n\nThe principal challenge is to distinguish pharyngitis caused by group A streptococcus from pharyngitis caused by nonstreptococcal (usually viral) organisms. A rapid streptococcal antigen test, a throat culture, or both are often performed to improve diagnostic precision and to identify children most likely to benefit from antibiotic therapy of streptococcal disease.\n\nMany rapid diagnostic techniques for streptococcal pharyngitis are available with excellent specificity of 95% to 99%. The sensitivity of these rapid tests varies, however, and negative rapid tests should be confirmed by a throat culture.']",Type III hypersensitivity reaction,Type II hypersensitivity reaction,0.0,0.0,0.0,0.440134921058978,0.5919247484631222,golden_000,C,B,False,True
A 55-year-old woman with a 1-year history of left-sided tinnitus is diagnosed with a tumor of the left jugular fossa. Sialometry shows decreased production of saliva from the left parotid gland. The finding on sialometry is best explained by a lesion of the nerve that is also responsible for which of the following?,"['A primary brainstem lesion affecting the motor nucleus of the facial nerve [VII] would lead to ipsilateral (same side) weakness of the whole face. However, because the upper part of the nucleus receives motor input from the left and right cerebral hemispheres a lesion occurring above the nucleus leads to contralateral lower facial weakness. In this example, motor innervation to the upper face is spared because the upper part of the nucleus receives input from both hemispheres. Preservation and loss of the special functions are determined by the extent of the lesion.\n\nLesions at and around the geniculate ganglion\n\nTypically lesions at and around the geniculate ganglion are accompanied by loss of motor function on the whole of the ipsilateral (same) side of the face. Taste to the anterior two-thirds of the tongue, lacrimation, and some salivation also are likely to be affected because the lesion is proximal to the greater petrosal and chorda tympani branches of the nerve.\n\nLesions at and around the stylomastoid foramen\n\nLesions at and around the stylomastoid foramen are the commonest abnormality of the facial nerve [VII] and usually result from a viral inflammation of the nerve within the bony canal before exiting through the stylomastoid foramen. Typically the patient has an ipsilateral loss of motor function of the whole side of the face. Not only does this produce an unusual appearance, but it also complicates chewing of food. Lacrimation and taste may not be affected if the lesion remains distal to the greater petrosal and chorda tympani branches that originate deep in the temporal bone.\n\nIn the clinic', '. As previously mentioned, minor salivary gland malignancies can present anywhere in the upper aerodigestive tract, particularly on the palate; however, the major salivary glands are the parotid, submandibular, and sublingual glands. The majority of tumors (80%) arise in the parotid gland (Fig. 18-44); however, 80% of these are benign, most commonly, pleomorphic adenomas (benign mixed tumors). As the salivary gland gets smaller, the proportion of tumors that are malignant increases; 50% of sub-mandibular/sublingual tumors and 80% of minor salivary gland tumors are malignant.Patients typically present with a mass because these tumors are well circumscribed and slow growing. However, certain signs and symptoms, such as pain, paresthesia, facial nerve weakness, or rapid growth, raise the concern for malig-nancy. If there is facial nerve weakness (10%–15% of cases), this usually represents tumor invading the facial nerve. Sub-mandibular and sublingual tumors present with a mass or swell-ing in the neck or floor of the mouth, respectively. Tumors in this region can invade the lingual nerve leading to tongue par-esthesia or the hypoglossal nerve invasion leading to paralysis. The close proximity to the mandible and tongue necessitates a thorough bimanual palpation to assess for fixation to these structures.The decision to dissect the neck in parotid cancers is fraught with uncertainty. However, parotid malignancies, par-ticularly carcinomas, have a propensity for regional lymphatic spread, first to the intraand periglandular nodes followed by the upper cervical chain (levels I–III)', 'The patient consented for removal of the parotid gland and a discussion of the possibility for loss of facial function and facial paralysis was had with the patient at this time.\n\nWithin the parotid gland the facial nerve [VII] divides into its five terminal branches. At operation the gland is displayed and extremely careful dissection is necessary to peel away the parotid gland from the branches of the facial nerve [VII]. This procedure was made more difficult by the chronic inflammatory change within the gland. After the procedure the patient made a good recovery, though there was some mild paralysis of the whole of the right side of the face. Importantly, taste to the anterior two-thirds of the tongue was preserved. The taste fibers to the anterior two-thirds of the tongue travel in the chorda tympani nerve, which is a branch of the facial nerve [VII]. This nerve leaves the facial nerve [VII] to join the lingual nerve proximal to the parotid gland; therefore, any damage to the facial nerve [VII] within the parotid gland does not affect special sensation (taste).\n\nOver the following week the paralysis improved and was likely due to nerve bruising during the procedure. The patient remained asymptomatic.\n\nA 60-year-old woman was brought to the emergency department with acute right-sided weakness, predominantly in the upper limb, which lasted for 24 hours. She made an uneventful recovery, but was extremely concerned about the nature of her illness and went to see her local doctor.\n\nA diagnosis of a transient ischemic attack (TIA) was made.\n\nA TIA is a neurological deficit resolving within 24 hours. It is a type of stroke.\n\nNeurological deficits may be permanent or transient. Most transient events resolve within 21 days; any failure of resolution beyond 21 days is an established stroke.\n\nAn investigation into the cause of the TIA was undertaken.', 'Laryngeal neuralgia is a rare entity in which paroxysms of pain are localized over the upper portion of the thyroid cartilage or hyoid bone on one or both sides. The pain may be evoked by coughing, yawning, talking, or sneezing. In the case reported by Brownstone and coworkers, the symptoms were relieved by carbamazepine.\n\nNeurologic Diagnosis of Vocal Cord Paralysis\n\nClues from the history and examination can help determine the site of the lesion producing vocal cord palsy. If intramedullary, there are usually ipsilateral cerebellar signs, loss of pain and temperature sensation over the ipsilateral face and contralateral arm and leg, and an ipsilateral Bernard-Horner syndrome (see Table 33-3). If the lesion is extramedullary but intracranial, the glossopharyngeal and spinal accessory nerves are frequently involved as well (jugular foramen syndrome; see Table 44-1).\n\nIf extracranial in the posterior lateral condylar or retroparotid space, there may be a combination of ninth, tenth, eleventh, and twelfth cranial nerve palsies and a Horner syndrome. Combinations of these lower cranial nerve palsies, which have a variety of eponymic designations (see Table 44-1) are caused by various tumors, both primary and metastatic, or by chronic inflammations or granulomas involving lymph nodes at the base of the skull. If there is no palatal weakness and no pharyngeal or palatal sensory loss, the lesion is below the origin of the pharyngeal branches, which leaves the vagus nerve high in the cervical region. The usual site of disease is then the mediastinum.\n\nThe Eleventh, or Spinal Accessory, Nerve', '. The differential diagnosis for parapharyngeal masses is very much dependent on the anatomy and contents of this space which is divided into the preand poststyloid spaces by the tensor-styloid fascia. This fascia attaches the tensor veli palatini muscle to the styloid. The contents of the prestyloid parapharyngeal space include fat, the deep lobe of the parotid, and lymph nodes, and branches of V3 (lingual, inferior alveo-lus, and auriculotemporal nerves), whereas the contents of the poststyloid space including cranial nerves IX to XII, the inter-nal jugular vein, the internal carotid artery, and the sympathetic chain. Nearly half of all parapharyngeal masses are of parotid origin, while 20% to 25% are of neurogenic origin, such as paragangliomas (glomus vagale, carotid body tumor), schwan-nomas, and neurofibromas. Lymphatic origin masses such as lymphoma and lymph node metastases represent 15% of tumors at this subsite. Therefore, most prestyloid lesions are considered of salivary gland origin, whereas poststyloid lesions are typi-cally vascular or neurogenic.Tumors of the parapharyngeal space can displace the lat-eral pharyngeal wall medially into the oropharynx (Fig. 18-41) and can thus cause obstructive sleep apnea, voice change, and dysphagia in addition to cranial neuropathies, Horner’s syn-drome, or vascular compression']",Afferent limb of the gag reflex,Afferent limb of the gag reflex,0.0,0.0,0.0,1.0,0.5611271520577266,golden_001,B,B,True,True
"A 3-year-old boy is brought to the emergency department with a history of unintentional ingestion of seawater while swimming in the sea. The amount of seawater ingested is not known. There is no history of vomiting. On physical examination, the boy appears confused and is asking for more water to drink. His serum sodium is 152 mmol/L (152 mEq/L). Which of the following changes in volumes and osmolality of body fluids are most likely to be present in this boy?","['Emergency treatment of symptomatic hyponatremia, such as seizures, uses IV hypertonic saline to increase the serum sodium concentration rapidly, which leads to a decrease in brain edema. One milliliter per kilogram of 3% sodium chloride increases the serum sodium by approximately 1 mEq/L.\n\nA child often improves after receiving 4 to 6 mL/kg of 3% sodium chloride.\n\nAvailable @ StudentConsult.com\n\nThere are three basic mechanisms of hypernatremia (Fig. 35-2). Sodium intoxication is frequently iatrogenic in a hospital setting resulting from correction of metabolic acidosis with sodium bicarbonate. In hyperaldosteronism, there is renal retention of sodium and resultant hypertension; the hypernatremia is mild.\n\nHypernatremia resulting from water losses develops only if the patient does not have access to water or cannot drink adequately because of neurologic impairment, emesis, or anorexia. Infants are at high risk because of their inability to control their own water intake. Ineffective breastfeeding, often in a primiparous mother, can cause severe hypernatremic dehydration. High insensible losses of water are especially common in premature infants; the losses increase further as a result of radiant warmers or phototherapy for hyperbilirubinemia. Children with extrarenal causes of water loss have high levels of ADH and very concentrated urine.', 'Serum sodium > 145 mEq/L. Usually due to water loss rather than sodium gain.\n\nPresents with thirst (due to hypertonicity) as well as with oliguria or polyuria (depending on the etiology).\n\nNeurologic symptoms include mental status changes, weakness, focal neurologic deficits, and seizures.\n\nExam reveals “doughy” skin and signs of volume depletion.\n\nAssess volume status by conducting a clinical exam and measuring urine volume and osmolality.\n\nHypertonic Na+ gain: Due to hypertonic saline/tube feeds or ↑aldosterone (suppresses ADH).\n\nPure water loss: Due to central or nephrogenic diabetes insipidus; characterized by large volumes of dilute urine. Do not neglect dermal and respiratory insensible losses.\n\nHypotonic f uid loss: Due to ↓ intake, diuretics, intrinsic renal disease, GI losses (diarrhea), burns, and osmotic diuresis (mannitol, glucose in DKA, urea with high protein feeds).\n\nA minimal volume (approximately 500 ml/day) of maximally concentrated urine (> 800 mOsm/kg) suggests adequate renal response without adequate free-water replacement.\n\nTreat the underlying causes and replace free-water deficit with hypotonic saline, D5W, or oral water, depending on volume status.\n\nCorrection of chronic hypernatremia (> 36–48 hours) should be accomplished gradually over 48–72 hours (≤ 0.5 mEq/L/hr) to prevent neurologic damage 2° to cerebral edema.\n\nSerum sodium < 135 mEq/L. Almost always due to ↑ ADH.\n\nMay be asymptomatic or may present with confusion, lethargy, muscle cramps, hyporeﬂexia, and nausea.\n\nCan progress to seizures, coma, or brain stem herniation.', 'An increase in plasma osmolarity/sodium above the normal range (hypertonic hypernatremia) can be caused by either a decrease in total body water or an increase in total body sodium. The former results from a failure to drink enough to replace normal or increased urinary and insensible water loss. The deficient intake can be due either to water deprivation or a lack of thirst (hypodipsia). The most common cause of an increase in total body sodium is primary hyperaldosteronism (Chap. 406). Rarely, it can also result from ingestion of hypertonic saline in the form of sea water or incorrectly prepared infant formula. However, even in these forms of hypernatremia, inadequate intake of water also contributes. This chapter focuses on hypodipsic hypernatremia, the form of hypernatremia due to a primary defect in the thirst mechanism.', 'As mentioned in the section on hyponatremia, a rapid rise in serum osmolality to normal or higher-than-normal levels is an almost obligate antecedent of this process. One encounters this most commonly in the rapid correction of hyponatremia. In cases related to the correction of hyponatremia, the initial serum sodium concentration is less than 130 mEq/L and usually much lower; this was the case in all the patients reported by Burcar and colleagues and by Karp and Laureno. Laureno (1983) demonstrated the importance of serum sodium in the pathogenesis of this disease experimentally. Dogs made severely hyponatremic (100 to 115 mEq/L) had the electrolyte disorder corrected rapidly by infusion of hypertonic (3 percent) saline; this led to spastic quadriparesis and pontine and extrapontine lesions were found at autopsy, indistinguishable in their distribution and histologic features from those of the human disease. Hyponatremia alone or slowly corrected hyponatremia (<15 mEq/dL in the initial 24 h) did not produce the disease.', 'Restore intravascular volume: Normal saline: 20 mL/kg over 20 min (repeat until intravascular volume restored) Determine time for correction based on initial sodium concentration [Na] 145–157 mEq/L: 24hr [Na] 158–170 mEq/L: 48hr [Na] 171–183 mEq/L: 72hr [Na] 184–196 mEq/L: 84hr Administer fluid at a constant rate over the time for correction Typical fluid: D5 1/2 normal saline (with 20 mEq/L KCI unless contraindicated) Typical rate: 1.25–1.5 times maintenance Follow serum sodium concentration and adjust fluid based on clinical status and serum sodium concentration Signs of volume depletion Sodium decreases too rapidly Sodium decreases too slowly Replace excessive ongoing losses as they occur Decrease sodium concentration of IV fluid or increase rate of IV fluid Increase sodium concentration of IV fluid or decrease rate of IV fluid Administer normal saline (20 mL/kg)\n\nFigure 33-1 Strategy for correcting hypernatremic dehydration.\n\nAs a guideline for oral rehydration, 50 mL/kg of the ORSshould be given within 4 hours to patients with mild dehydration, and 100 mL/kg should be given over 4 hours to patientswith moderate dehydration. Supplementary ORS is given toreplace ongoing losses from diarrhea or emesis. An additional 10 mL/kg of ORS is given for each stool. Fluid intakeshould be decreased if the patient appears fully hydrated earlier than expected or develops periorbital edema. After rehydration, patients should resume their usual diet (breast milk,formula).']","Increased ECF volume, decreased ICF volume, increased body osmolality","Increased ECF volume, decreased ICF volume, increased body osmolality",0.0,1.0,0.14285714285714285,1.0,0.7305838160467985,golden_002,D,D,True,True
"A 46-year-old male with a history of recurrent deep venous thromboses on warfarin presents to his hematologist for a follow-up visit. He reports that he feels well and has no complaints. His INR at his last visit was 2.5 while his current INR is 4.0. His past medical history is also notable for recent diagnoses of hypertension, hyperlipidemia, and gastroesophageal reflux disease. He also has severe seasonal allergies. He reports that since his last visit, he started multiple new medications at the recommendation of his primary care physician. Which of the following medications was this patient likely started on?","['. To accomplish this, the prothrombin time must be measured in fresh plasma samples from at least 20 healthy volunteers using the same coagulometer that is used for patient samples. For most indications, warfarin is administered in doses that produce a target INR of 2.0–3.0. An exception is patients with mechanical heart valves, particularly those in the mitral position or older ball and cage valves in the aortic position, where a target INR of 2.5–3.5 is recommended. Studies in atrial fibrillation demonstrate an increased risk of cardioembolic stroke when the INR falls to <1.7 and an increase in bleeding with INR values >4.5. These findings highlight the fact that vitamin K antagonists have a narrow therapeutic window. In support of this concept, a study in patients receiving long-term warfarin therapy for unprovoked venous thromboembolism demonstrated a higher rate of recurrent venous thromboembolism with a target INR of 1.5–1.9 compared with a target INR of 2.0–3.0.', 'Occasionally patients exhibit warfarin resistance, defined as progression or recurrence of a thrombotic event while in the therapeutic range. These individuals may have their INR target raised (which is accompanied by an increase in bleeding risk) or be changed to an alternative form of anticoagulation (eg, daily injections of LMW heparin or one of the newer oral anticoagulants). Warfarin resistance is most commonly seen in patients with advanced cancers, typically of gastrointestinal origin (Trousseau’s syndrome). LMW heparin is superior to warfarin in preventing recurrent venous thromboembolism in patients with cancer.\n\nThe coumarin anticoagulants often interact with other drugs and with disease states. These interactions can be broadly divided into pharmacokinetic and pharmacodynamic effects (Table 34–2). Pharmacokinetic mechanisms for drug interaction with warfarin mainly involve cytochrome P450 CYP2C9 enzyme induction, enzyme inhibition, and reduced plasma protein binding. Pharmacodynamic mechanisms for interactions with warfarin are synergism (impaired hemostasis, reduced clotting factor synthesis, as in hepatic disease), competitive antagonism (vitamin K), and an altered physiologic control loop for vitamin K (hereditary resistance to oral anticoagulants).\n\nThe most serious interactions with warfarin are those that increase the anticoagulant effect and the risk of bleeding. The most dangerous of these interactions are the pharmacokinetic interactions with the mostly obsolete pyrazolones phenylbutazone and sulfinpyrazone. These drugs not only augment the hypoprothrombinemia but also inhibit platelet function and may induce peptic ulcer disease (see Chapter 36). The mechanisms interactions with oral anticoagulants.\n\n1Stereoselectively inhibits the oxidative metabolism of the S-warfarin enantiomorph of racemic warfarin.', 'Because of the potential for skin necrosis, patients with known protein C or protein S deficiency require overlapping treatment with a parenteral anticoagulant when initiating war- farin therapy. Warfarin should be started in low doses in these patients, and the parenteral anticoagulant should be continued until the INR is therapeutic for at least 2–3 consecutive days.\n\npregnancy Warfarin crosses the placenta and can cause fetal abnormalities or bleeding. The fetal abnormalities include a characteristic embryopathy, which consists of nasal hypopla-Monitoring No No No No sia and stippled epiphyses. The risk of embry-Interactions 3A4/P-gp 3A4/P-gp P-gp P-gp opathy is highest if warfarin is given in the first Abbreviations: bid, twice a day; P-gp, P-glycoprotein; qd., once a day.\n\n52% compared with warfarin (p <.0001), but increase gastrointestinal bleeding by about 24% (p = .04). Overall, the new agents demonstrate a favorable benefit-to-risk profile compared with warfarin, and their relative efficacy and safety are maintained across a wide spectrum of atrial fibrillation patients, including those over the age of 75 years and those with a prior history of stroke. Based on these findings, dabigatran, rivaroxaban, and apixaban are licensed as alternatives to warfarin for stroke prevention in nonvalvular atrial fibrillation, and edoxaban is under regulatory consideration for this indication. Nonvalvular atrial fibrillation is defined as that occurring in patients without mechanical heart valves or severe rheumatic valvular disease, particularly mitral stenosis and/or regurgitation.', 'The majority of patients warrant chronic anticoagulation, but selection of therapy should be individualized based on patient profile and risks and benefits of individual agents. Anticoagulation with a vitamin K antagonist is warranted for all patients with AF who have rheumatic mitral stenosis or mechanical heart valves for whom the newer anticoagulants have not been tested. Anticoagulation with a vitamin K antagonist (warfarin) or the newer oral anticoagulants is warranted for patients who have had more than 48 h of AF and are undergoing cardioversion, for patients who have a prior history of stroke, or for patients with a CHA2DS2-VASc score of ≥2, but it may be considered in patients with a risk score of 1. The approach to patients with paroxysmal AF is the same as for persistent AF. It is recognized that many patients who appear to have infrequent AF episodes often have asymptomatic episodes that put them at risk. Absence of AF during periodic monitoring is not sufficient to indicate low risk. The role of continuous monitoring with implanted recorders or pacemakers is not yet clear as a guide for anticoagulation in patients with a borderline risk profile. Bleeding is the major risk of anticoagulation. Major bleeding requiring transfusion or in a critical area (e.g., intracranial) occurs in approximately 1% of patients per year. Risk factors for bleeding include age >65–75 years, heart failure, history of anemia, and excessive alcohol or nonsteroidal anti-inflammatory drug use. Patients with coronary stents who require antiplatelet therapy with aspirin and a thienopyridine are at particularly high risk of bleeding.', '(Fig. 284-1) Penicillin prophylaxis of group A β-hemolytic streptococcal infections (Chap. 381) for secondary prevention of rheumatic fever is important for at-risk patients with rheumatic MS. Recommendations for infective endocarditis prophylaxis are similar to those for other valve lesions and are restricted to patients at high risk for complications from infection, including patients with a history of endocarditis. In symptomatic patients, some improvement usually occurs with restriction of sodium intake and small doses of oral diuretics. Beta blockers, nondihydropyridine calcium channel blockers (e.g., verapamil or diltiazem), and digitalis glycosides are useful in slowing the ventricular rate of patients with AF. Warfarin therapy targeted to an international normalized ratio (INR) of 2–3 should be administered indefinitely to patients with MS who have AF or a history of thromboembolism. The routine use of warfarin in patients in sinus rhythm with LA enlargement (maximal dimension\n\nRheumatic MS Very severe MS MVA ˜1 cm2 T½ °220 ms Severe MS MVA ˜1.5 cm2 T½ °150 ms Progressive MS MVA >1.5 cm2 T½ <150 ms Asymptomatic (stage C) Asymptomatic (stage C) Symptomatic (stage D) Symptomatic with no other cause Class I Class IIa Class IIb']",Omeprazole,Omeprazole,0.0,0.0,0.1111111111111111,0.75,0.5780081189706322,golden_005,A,A,True,True
"A five-year-old female presents to the pediatrician for a well visit. The patient’s parents report that she recently entered kindergarten and her teacher expressed concern that the patient is not meeting developmental milestones. She struggles to name colors and has not expressed any interest in learning to read. The patient’s parents have also noticed that the patient is not completing tasks that her older siblings were doing by this age, including dressing herself independently and going to the bathroom by herself. The patient rolled over at 9 months, sat without support at 12 months, and walked at 20 months. Her parents also report that the patient is very social, and that adults frequently comment on her friendly personality. The patient is in the 15th percentile for weight and 5th percentile for height. On physical exam, the patient has a broad forehead, flat nasal bridge, long philtrum, and a wide mouth. She has a strabismus on neurological exam, and her cardiac exam is significant for a heart murmur. Laboratory testing is below:

Serum:
Na+: 145 mEq/L
K+: 3.9 mEq/L
Cl-: 100 mEq/L
HCO3-: 24 mEq/
Urea nitrogen: 11 mg/dL
Glucose: 76 mg/dL
Creatinine: 0.9 mg/dL
Ca2+: 11.9 mg/dL

Which of the following cardiac abnormalities is associated with this condition?","['Wilmott RW, Boat TF, Bush A, et\xa0al: Kendig and Chernick’s Disorders of the\n\nRespiratory Tract in Children, ed 8, Philadelphia, 2012, Saunders\n\nThe Cardiovascular System\n\nDaniel S. Schneider 19\n\nA maternal history of medication, drug, or alcohol use or excessive smoking may contribute to cardiac and other systemic findings. The prenatal history may reveal a maternal infection early in pregnancy (possibly teratogenic) or later in pregnancy (causing myocarditis or myocardial dysfunction in infants). Infants with heart failure exhibit poor growth, with weight being more significantly affected than height and head circumference.\n\nHeart failure may present with fatigue or diaphoresis with feeds or fussiness. Tachypnea without significant dyspnea may be present. Older children with heart failure may have easy fatigability, shortness of breath on exertion, and sometimes orthopnea. Not keeping up with other children during play or exercise is a sign of exercise intolerance. Heart failure may be misdiagnosed as recurrent pneumonia, bronchitis, wheezing, or asthma.\n\nA history of a heart murmur is important, but many wellchildren have an innocent murmur at some time in their lives. Other cardiac symptoms include cyanosis, palpitations, chest pain, syncope, and near-syncope. A review ofsystems assesses for possible systemic diseases or congenitalmalformation syndromes that may cause cardiac abnormalities (Tables 139-1 and 139-2). Current and past medication use as well as history of drug use, is important. Family history should be reviewed for hereditary diseases, early atherosclerotic heart disease, congenital heart disease, suddenunexplained deaths, thrombophilia, rheumatic fever, hypertension, and hypercholesterolemia.', ""Kerhof, 2012; McCloskey, 2016).\n\nMounting evidence suggests that fetal-growth restriction may afect organ development, particularly that of the heart. Individuals with low birthweight demonstrate cardiac structural changes and dysfunction persisting through childhood, adolescence, and adulthood. In one study, 80 infants who were born SGA before 34 weeks' gestation were compared at 6 months with 80 normally grown children (Cruz-Lemini, 2016). The heart in the SGA children had a more globular ventricle that resulted in systolic and diastolic dysfunction. In another study, echocardiography in 418 adolescents showed that low birthweight was associated with a thicker let ventricular posterior wall (Hietalampi, 2012). In their review, Cohen and colleagues (2016) concluded, however, that these findings have unclear long-term signiicance.\n\nDeficient fetal growth is also associated with postnatal structural and functional renal changes. In a review by Luyckx and Brenner (2015), birthweight abnormalities were evaluated for linkage with disordered nephrogenesis, renal dysfunction, chronic kidney disease, and hypertension. Both low and high birthweight, as well as maternal obesity and gestational diabetes, afect in-utero development of the kidney and its health into adulthood. However, other variables that include childhood nutrition, acute kidney injury, excessive childhood weight gain, and obesity also worsen long-term renal function."", 'The differentiation of the inherited metabolic diseases of infancy rests essentially upon four types of data: (1) a few highly characteristic neurologic and ophthalmic signs; (2) the presence of an enlarged liver and/or spleen; (3) dysmorphic features of the face; and (4) the results of several relatively simple laboratory tests, such as images of the thoracolumbar spine, hips, and long bones; smears of the peripheral blood and bone marrow; CSF examination; and certain urinary tests and other biochemical estimations (serum lactate, glucose, ammonia, and urinary ketones, amino acids, and organic acids). For purposes of differential diagnosis, we have found the flowcharts constructed by our colleague, E.H. Kolodny, to be very useful. One such schematic, illustrated in Fig. 36-4, is based on the subdivision of patients into three groups: (1) dysmorphic, (2) visceromegalic, and (3) purely neurologic. Only rarely does an inherited metabolic disease fall into more than one of these categories. There is also considerable value in beginning the diagnostic process by classifying the syndrome as a leukodystrophy or a poliodystrophy (disease predominantly affecting neurons, see further on), although this distinction is easier to make in the older child.\n\nOnce the major category of disease has been identified, correct diagnosis depends on particular clinical and laboratory features tabulated below (Tables 36-5 and 36-6).\n\nOf course, in the current era genetic testing discloses the diagnosis of most of these disorders but unless whole exome screening is planned to be undertaken, the clinician must have some idea of the likely diagnosis. Panels of over 100 genes pertaining to nuclear and mitochondrial causes of leukodystrophy are available.', 'Haragan AF, Hulsey TC, Hawk AF, et al: Diagnostic accuracy of fundal height and handheld ultrasound-measured abdominal circumference to screen for fetal growth abnormalities. Am J Obstet Gynecol 212(6):820. e1,e2015\n\nHealy CM, Rench A, Baker CJ: Importance of timing of maternal combined tetanus, diphtheria, and acellular pertussis (Tdap) immunization and protection of young infants. Clin Infect Dis 56(4):539, 2013\n\nHerbert WNP, Bruninghaus HM, Barefoot AB, et al: Clinical aspects of fetal heart auscultation. Obstet GynecoIe69:574, 198\n\nHibbeln JR, Davis JM, Steer C, et al: Maternal seafood consumption in pregnancy and neurodevelopmental outcomes in childhood (LSPAC study): an observation cohort study. Lancet 369:578, 2007\n\nHigginbottom MC, Sweetman L, Nyhan L: A syndrome of methylmalonic aciduria, homocystinuria, megaloblastic anemia and neurologic abnormalities in a vitamin B 12-deicient breast-fed infant of a strict vegetarian. N Engl J Med 299:317, 1978\n\nHiggins JR, Walshee]], Conroy M, et al: The relation between maternal work, ambulatory blood pressure, and pregnancy hypertension. J Epidemiol Community Health 56:389, 2002\n\nHollier LM, Hill J, Sheield JS, et al: State laws regarding prenatal syphilis screening in the United States. Am J Obstet Gynecol 189: 1178, 2003 Horowitz HS, Heifetz SB: Efects of prenatal exposure to fluoridation on dental caries. Public Health Rep 82:297, 1967', 'GSD, Glycogen storage disease.\n\nThe assessment begins with a careful history (family and individual) and clinical evaluation. Clinical laboratory testing can define the metabolic derangement (Table 51-7). The results generate a differential diagnosis and a list of more specific laboratory testing to confirm the diagnosis.\n\nThe combination of symptoms and abnormal clinical laboratory findings demands urgent metabolic evaluation. Ametabolic emergency often presents with vomiting, acidosis,hypoglycemia, ketosis (or lack of appropriate ketosis), inter-current infection, anorexia/failure to feed, lethargy proceeding to coma, and hyperventilation or hypoventilation. Clinicalevaluation should focus on the cardiac, renal, neurologic, anddevelopmental assessment as well as looking for changes inmental status, seizures, abnormal tone, visual symptoms,poor developmental progress, global developmental delay,loss of developmental milestones (regression), cardiomyopathy, cardiac failure, cystic renal malformation, and renal tubular dysfunction.\n\nClinical laboratory testing should begin with tests that are available in most hospital clinical laboratories. Care in the collection and handling of laboratory specimens is crucial to obtaining accurate results. Plasma measurements oflactate and ammonia are particularly subject to spuriousresults if not handled correctly. Significant ketosis in theneonate is unusual and suggests an organic acid disorder.Ketosis out of proportion to fasting status in an older child occurs in disorders of ketone usage. Lack of severe ketosis in an older child under conditions of metabolic stress is a']",Supravalvular aortic stenosis,Supravalvular aortic stenosis,0.0,0.0,0.0,0.625,0.6618161456837258,golden_006,C,C,True,True
"A 10-year-old boy is brought in by his mother with increasing abdominal pain for the past week. The patient’s mother says he has been almost constantly nauseous over that time. She denies any change in his bowel habits, fever, chills, sick contacts or recent travel. The patient has no significant past medical history and takes no medications. The patient is at the 90th percentile for height and weight and has been meeting all developmental milestones. The temperature is 36.8℃ (98.2℉). On physical examination, the patient’s abdomen is asymmetrically distended. Bowel sounds are normoactive. No lymphadenopathy is noted. A cardiopulmonary examination is unremarkable. Palpation of the right flank and right iliac fossa reveals a 10 × 10 cm firm mass which is immobile and tender. The laboratory findings are significant for the following: 
Hemoglobin 10 g/dL
Mean corpuscular volume 88 μm3
Leukocyte count 8,000/mm3
Platelet count 150,000/mm3
    Serum creatinine 1.1 mg/dL
Serum lactate dehydrogenase (LDH) 1,000 U/L
An ultrasound-guided needle biopsy of the flank mass was performed, and the histopathologic findings are shown in the exhibit (see image). Which of the following is the most likely diagnosis in this patient?","['. Laboratory findings reflect intravascular volume deple-tion and consist of hemoconcentration and electrolyte abnor-malities. Mild leukocytosis is common.Features of strangulated obstruction include abdominal pain often disproportionate to the degree of abdominal findings, suggestive of intestinal ischemia. Patients often have tachycar-dia, localized abdominal tenderness, fever, marked leukocyto-sis, and acidosis. Any of these findings should alert the clinician to the possibility of strangulation and the need for early surgical intervention.DiagnosisThe diagnostic evaluation should focus on the following goals: (a) distinguish mechanical obstruction from ileus, (b) determine the etiology of the obstruction, (c) discriminate partial from complete obstruction, and (d) discriminate simple from stran-gulating obstruction.Important elements to obtain on history include prior abdominal operations (suggesting the presence of adhesions) and the presence of abdominal disorders (e.g., intra-abdominal cancer or inflammatory bowel disease) that may provide insights into the etiology of obstruction. Upon examination, a meticulous search for hernias (particularly in the inguinal and femoral regions) should be conducted.The diagnosis of small bowel obstruction is usually con-firmed with radiographic examination. The abdominal series consists of (a) a radiograph of the abdomen with the patient in a supine position, (b) a radiograph of the abdomen with the patient in an upright position, and (c) a radiograph of the chest with the patient in an upright position. The finding most specific for small bowel obstruction is the triad of dilated small bowel loops (>3 cm in diameter), air-fluid levels seen on upright films, and a paucity of air in the colon. The sensitivity of abdominal radiographs in the detection of small bowel obstruction ranges from 70% to 80%', 'The history and examination are often enough to make the diagnosis, but laboratory and imaging studies are helpful when the diagnosis is uncertain (Table 129-3). A WBC count greater than 10,000/mm3 is found in 89% of patients with appendicitis and 93% with perforated appendicitis. This criterion is met by 62% of abdominal pain patients without appendicitis. Urinalysis is done to rule out urinary tract infection, and x-rays of the chest or the kidney, ureter, and bladder (KUB) rule\n\nCBC with differential Urinalysis Amylase and lipase ALT, AST, GGT Flat and upright abdominal radiographs (KUB)\n\nAbdominal ultrasound CT scan of abdomen\n\nALT, Alanine aminotransferase; AST, aspartate aminotransferase; CBC, complete blood count; CT, computed tomography; GGT, γ-glutamyltransferase; KUB, kidney, ureter, bladder. *Perform when diagnosis remains in doubt.\n\nout lower lobe pneumonia masquerading as abdominal pain. Amylase, lipase, and liver enzymes are done to look for pancreatic or liver and gallbladder disease. The plain abdominal x-ray may reveal a calcified fecalith, which strongly suggests the diagnosis. When these studies are inconclusive, imaging is indicated with an abdominal ultrasound or CT scan, which may reveal the presence of an enlarged, thick-walled appendix with surrounding fluid. A diameter of more than 6 mm is considered diagnostic.\n\nTreatment of appendicitis is surgical. Simple appendectomy iscurative if performed before perforation. With perforation, a course of postoperative IV antibiotics is required. Broad-spectrumcoverage is necessary to cover the mixed bowel flora.', 'The physical examination complements the history. Orthostatic hypotension and reduced skin turgor indicate intravascular fluid loss. Pulmonary abnormalities raise concern for aspiration of vomitus. Abdominal auscultation may reveal absent bowel sounds with ileus. High-pitched rushes suggest bowel obstruction, whereas a succussion splash upon abrupt lateral movement of the patient is found with gastroparesis or pyloric obstruction. Tenderness or involuntary guarding raises suspicion of inflammation, whereas fecal blood suggests mucosal injury from ulcer, ischemia, or tumor. Neurologic disease presents with papilledema, visual field loss, or focal neural abnormalities. Neoplasm is suggested by palpation of masses or adenopathy.\n\nFor intractable symptoms or an elusive diagnosis, selected screening tests can direct clinical care. Electrolyte replacement is indicated for hypokalemia or metabolic alkalosis. Iron-deficiency anemia mandates a search for mucosal injury. Pancreaticobiliary disease is indicated by abnormal pancreatic or liver biochemistries, whereas endocrinologic, rheumatologic, or paraneoplastic etiologies are suggested by hormone or serologic abnormalities. If bowel obstruction is suspected, supine and upright abdominal radiographs may show intestinal air-fluid levels with reduced colonic air. Ileus is characterized by diffusely dilated air-filled bowel loops.\n\nCHAPTER 54 Nausea, Vomiting, and Indigestion', 'Patients may have anemia, FTT, and fever.\n\nMore than 50% of patients will have metastases at diagnosis. Signs include bone marrow suppression, proptosis, hepatomegaly, subcutaneous nodules, and opsoclonus/myoclonus.\n\nCT scan; fine-needle aspirate of tumor. Histologically appears as small, round, blue tumor cells with a characteristic rosette pattern.\n\nElevated 24-hour urinary catecholamines (VMA and HVA).\n\nBone scan and bone marrow aspirate.\n\nCBC, LFTs, coagulation panel, BUN/creatinine.\n\nLocal excision plus postsurgical chemotherapy and/or radiation.\n\nWilms’ tumor is associated\n\nA renal tumor of embryonal origin that is most commonly seen in children 2–5 years of age. Associated with Beckwith-Wiedemann syndrome (hemihy-hemihypertrophy.\n\npertrophy, macroglossia, visceromegaly), neurofibromatosis, and WAGR syndrome (Wilms’, Aniridia, Genitourinary abnormalities, mental Retardation).\n\nPresents as an asymptomatic, nontender, smooth abdominal mass.\n\nAbdominal pain, fever, hypertension, and microscopic or gross hematuria are seen.\n\nCBC, BUN, creatinine, and UA.\n\nAbdominal ultrasound.\n\nCT scans of the chest and abdomen are used to detect metastases.\n\nLocal resection and nephrectomy with postsurgical chemotherapy and radiation depending on stage and histology.\n\nIt is critical to distinguish between Ewing’s sarcoma and osteosarcoma (see Table 2.13-10).\n\nAn important aspect of every well-child visit. Commonly tested advice includes the following:', 'The abdominal examination should begin with inspection for the presence of uneven distention or an obvious mass. Auscultation should follow. The absence of bowel sounds or the presence of high-pitched localized bowel sounds points toward an ileus or intestinal obstruction. An umbilical venous hum may suggest the presence of portal hypertension, and a harsh bruit over the liver is heard rarely in patients with hepatocellular carcinoma or alcoholic hepatitis. Abdominal swelling caused by intestinal gas can be differentiated from swelling caused by fluid or a solid mass by percussion; an abdomen filled with gas is tympanic, whereas an abdomen containing a mass or fluid is dull to percussion. The absence of abdominal dullness, however, does not exclude ascites, because a minimum of 1500 mL of ascitic fluid is required for detection on physical examination. Finally, the abdomen should be palpated to assess for tenderness, a mass, enlargement of the spleen or liver, or presence of a nodular liver suggesting cirrhosis or tumor. Light palpation of the liver may detect pulsations suggesting retrograde vascular flow from the heart in patients with right-sided heart failure, particularly tricuspid regurgitation.\n\nAbdominal x-rays can be used to detect dilated loops of bowel sug gesting intestinal obstruction or ileus. Abdominal ultrasonography can detect as little as 100 mL of ascitic fluid, hepatosplenomegaly, a nodular liver, or a mass. Ultrasonography is often inadequate to detect retroperitoneal lymphadenopathy or a pancreatic lesion because of overlying bowel gas. If malignancy or pancreatic disease is suspected,']",Wilms tumor,Burkitt lymphoma,0.0,0.0,0.0,0.6774169060261681,0.5936410493468581,golden_007,D,A,False,True
"A 45-year-old man with HIV comes to the physician because of multiple lesions on his chest and lower extremities. The lesions have progressively increased in size and are not painful or pruritic. Current medications include abacavir, dolutegravir, and lamivudine. A photograph of the lesions is shown. His CD4+ T-lymphocyte count is 450/mm3 (normal ≥ 500/mm3). A skin biopsy shows multiple spindle-shaped cells and lymphocytic infiltrate. Which of the following is the most appropriate pharmacotherapy?","['the HIV-infected patient includes primary CNS lymphoma and, less commonly, TB or fungal or bacterial abscesses. The definitive diagnostic procedure is brain biopsy. However, given the morbidity rate that can accompany this procedure, it is usually reserved for the patient who has failed 2–4 weeks of empiric therapy for toxoplasmosis. If the patient is seronegative for T. gondii, the likelihood that a mass lesion is due to toxoplasmosis is <10%. In that setting, one may choose to be more aggressive and perform a brain biopsy sooner. Standard treatment is sulfadiazine and pyrimethamine with leucovorin as needed for a minimum of 4–6 weeks. Alternative therapeutic regimens include clindamycin in combination with pyrimethamine; atovaquone plus pyrimethamine; and azithromycin plus pyrimethamine plus rifabutin. Relapses are common, and it is recommended that patients with a history of prior toxoplasmic encephalitis receive maintenance therapy with sulfadiazine, pyrimethamine, and leucovorin as long as their CD4+ T cell counts remain <200 cells/μL. Patients with CD4+ T cell counts <100/μL and IgG antibody to Toxoplasma should receive primary prophylaxis for toxoplasmosis. Fortunately, the same daily regimen of a single double-strength tablet of TMP/SMX used for P. jiroveci prophylaxis provides adequate primary protection against toxoplasmosis. Secondary prophylaxis/maintenance therapy for toxoplasmosis may be discontinued in the setting of effective cART and increases in CD4+ T cell counts to >200/μL for 6 months.', 'Combination chemotherapy with low-dose doxorubicin, bleomycin, and vinblastine (ABV) and death from secondary infections is considerably more common. Thus, whenever possible one should avoid treatment regimens that may further suppress the immune system and increase susceptibility to opportunistic infections. Treatment is indicated under two main circumstances. The first is when a single lesion or a limited number of lesions are causing significant discomfort or cosmetic problems, such as with prominent facial lesions, lesions overlying a joint, or lesions in the oropharynx that interfere with swallowing or breathing. Under these circumstances, treatment with localized radiation, intralesional vinblastine, topical 9-cis-retinoic acid, or cryotherapy may be helpful. It should be noted that patients with HIV infection are particularly sensitive to the side effects of radiation therapy. This is especially true with respect to the development of radiation-induced mucositis; doses of radiation directed at mucosal surfaces, particularly in the head and neck region, should be adjusted accordingly. The use of systemic therapy, either IFN-α or chemotherapy, should be considered in patients with a large number of lesions or in patients with visceral involvement. The single most important determinant of response appears to be the CD4+ T cell count. This relationship between response rate and baseline CD4+ T cell count is particularly true for IFN-α. The response rate to IFN-α for patients with CD4+ T cell counts >600/μL is ~80%, while the response rate for patients with counts <150/μL is <10%. In contrast to the other systemic therapies, IFN-α provides an added advantage of having antiretroviral activity; thus, it may be the appropriate first choice for single-agent systemic therapy for early patients with disseminated disease. A variety of chemotherapeutic agents also have been shown to have activity against KS', 'FIGuRE 226-33 A. Decrease in the incidence of opportunistic infections and Kaposi’s sarcoma in HIV-infected individuals with CD4+ T cell counts <100/μL from 1992 through 1998. (Adapted and updated from FJ Palella et al: N Engl J Med 338:853, 1998, and JE Kaplan et al: Clin Infect Dis 30[S1]:S5, 2000, with permission.) B. Quarterly incidence rates of cytomegalovirus (CMV), Pneumocystis jiroveci pneumonia (PCP), and Mycobacterium avium complex (MAC) from 1995 to 2001. (From FJ Palella et al: AIDS 16:1617, 2002.) plained fever for >2 weeks, and any patient with a recent history of oropharyngeal candidiasis. The preferred regimen for prophylaxis is TMP/SMX, one double-strength tablet daily. This regimen also provides protection against toxoplasmosis and some bacterial respiratory pathogens. For patients who cannot tolerate TMP/SMX, alternatives for prophylaxis include dapsone plus pyrimethamine plus leucovorin, aerosolized pentamidine administered by the Respirgard II nebulizer, and atovaquone. Primary or secondary prophylaxis for PCP can be 1254 discontinued in those patients treated with cART who maintain good suppression of HIV (<50 copies/mL) and CD4+ T cell counts >200/μL for at least 3 months.', 'The skin of patients with HIV infection is often a target organ for drug reactions (Chap. 74). Although most skin reactions are mild and not necessarily an indication to discontinue therapy, patients may have particularly severe cutaneous reactions, including erythroderma, 1263 Stevens-Johnson syndrome, and toxic epidermal necrolysis, as a reaction to drugs—particularly sulfa drugs, nonnucleoside reverse transcriptase inhibitors, abacavir, amprenavir, darunavir, fosamprenavir, and tipranavir. Similarly, patients with HIV infection are often quite photosensitive and burn easily following exposure to sunlight or as a side effect of radiation therapy (Chap. 75).\n\nHIV infection and its treatment may be accompanied by cosmetic changes of the skin that are not of great clinical importance but may be troubling to patients. Yellowing of the nails and straightening of the hair, particularly in African-American patients, have been reported as a consequence of HIV infection. Zidovudine therapy has been associated with elongation of the eyelashes and the development of a bluish discoloration to the nails, again more common in African-American patients. Therapy with clofazimine may cause a yellow-orange discoloration of the skin and urine.', '. Treatment of recalcitrant lesions includes a variety of ther-apeutic options aimed at physically destroying the lesions by electrodessication, cryoablation, and pulsed dye laser therapy. Additional modalities such as H2-antagonists and zinc sulfate may have a role in augmenting the immune response and reduc-ing recurrence rates.Cutaneous Manifestations of Human Immunodeficiency VirusThe HIV-infected patient is significantly more susceptible to infectious and inflammatory skin conditions than the rest of the population.97 These skin disorders may be due to the HIV infection itself or from opportunistic infections secondary to immunosuppression. During early stages, nonspecific cutane-ous manifestations may occur. Acute retroviral syndrome occurs following inoculation in one-half to two-thirds of patients, and 30% to 50% of these patients can present with an acute viral exanthem.98 This is usually a morbilliform rash affecting the face, trunk, and upper extremities. Other skin changes, as well as common skin disorders with atypical features, can occur, including recurrent varicella zoster, hyperkeratotic warts, and seborrheic dermatitis. Condylomata acuminate and verrucae appear early; however, their frequency and severity do not change with disease progression.Late-presenting cutaneous manifestations include chronic herpes simplex virus (HSV), cytomegalovirus, and, to a lesser extent, molluscum contagiousum, which is typically treatable with imiquimod. HSV is the most common viral infection in the patient with HIV, and is more likely to display atypical fea-tures and less likely to spontaneously resolve in these patients.99 Mycobacterial infections and mucocutaneous candidiasis also occur']",Alpha-interferon,Alpha-interferon,0.49999999995,1.0,0.0,1.0,0.5524780773681172,golden_008,C,C,True,True
"A two-month-old female presents to the emergency department for difficulty feeding. The patient was born at 38 weeks gestation to a 29-year-old primigravid via vaginal delivery. The newborn period has thus far been uncomplicated. The patient has been exclusively breastfed since birth. Her parents report that feeding had previously seemed to be going well, and the patient has been gaining weight appropriately. Over the past several days, the patient’s mother has noticed that the patient seems to tire out before the end of the feeding. She has also noticed that the patient begins to appear short of breath and has a bluish discoloration of her lips. The patient’s height and weight were in the 20th and 10th percentile at birth, respectively. Her current height and weight are in the 20th and 15th percentiles, respectively. Her temperature is 98.0°F (36.7°C), blood pressure is 60/48 mmHg, pulse is 143/min, and respirations are 40/min. On physical exam, the patient is in no acute distress and appears well developed. A systolic crescendo-decrescendo murmur can be heard at the left upper sternal border. Her abdomen is soft, non-tender, and non-distended. During the abdominal exam, the patient begins crying and develops cyanosis of the perioral region.

Which of the following is the best initial test to diagnose this patient’s condition?","[""Gynecol 141:646, 1981\n\nClark SL, Sabey P, Jolley K: Nonstress testing with acoustic stimulation and amnionic luid volume assessment: 5973 tests without unexpected fetal death. Am J Obstet Gynecol 160:694, 1989\n\nCousins LM, Poelder DM, Faron 5, et al: Nonstress testing at ;32.0 weeks' gestation: a randomized trial comparing diferent assessment criteria. Am J Obstet (4):311.e1, 2012\n\nDawes GS: Breathing before birth in animals and man. An essay in medicine.\n\nPhysiol Med 290:557, 1974\n\nDawes GS, Fox HE, Leduc BM, et al: Respiratory movements and rapid eye movement sleep in the foetal lamb. J Physiol 220: 119, 1972\n\nDayal AK, Manning FA, Berek DJ, et al: Fetal death after normal biophysical proile score: an eighteen year experience. m J Obstet Gynecol 181:o1231, 1999\n\nDevoe LD: Antenatal fetal assessment: contraction stress test, nonstress test, vibroacoustic stimulation, amniotic fluid volume, biophysical proile, and modified biophysical profile-an overview. Semin Perinatol 32(4):247, 2008\n\nDevoe LD, Castillo A, Sherline DM: The nonstress test as a diagnostic test: a critical reappraisal. Am J Obstet GynecoIo152:1047, 1986\n\nDevoe LD, McKenzie J, Searle NS, et al: Clinical sequelae of the extended nonstress test. m J Obstet GynecoIo151:1074, 1985"", ""he MCA peak systolic velocity is followed serially, and values are plotted on a curve like the one shown in Figure 15-1. If the velocity is between 1.0 and 1.5 MoM and the slope is rising-such that the value is approaching 1.5 Movf-surveillance is generally increased to weekly Doppler interrogation. If the MCA peak systolic velocity exceeds 1.5 \\10M and the gestational age is younger than 34 or 35 weeks, fetal blood sampling should be considered and followed by fetal transfusion if needed (Society for Maternal-Fetal Medicine, 2015a). he false-positive rate of MCA peak systolic velocity increases signiicantly beyond 34 weeks, due to the normal augmentation in cardiac output that develops at this gestational age (Moise, 2008; Zimmerman, 2002).\n\nAmnionic Fluid Spectral Analysis. This test is included for historical interest. More than 50 years ago, Liley (1961) demonstrated the utility ofamnionic fluid spectral analysis to measure bilirubin concentration and to thereby estimate hemolysis severity. Amnionic luid bilirubin concentration was measured by a spectrophotometer and was represented as the change in optical density absorbance at 450 nm-10D450. The likelihood of fetal anemia was determined by plotting the 10D45o value on a graph that was divided into zones. hese zones roughly correlated with fetal hemoglobin concentration, and thus with anemia severity. he original Liley graph was valid from 27 to 42 weeks' gestation and was subsequently modiied by Queenan (1993) to include gestational ages as early as 14 weeks. However, the amnionic luid bilirubin level is normally high in midpregnancy, limiting the reliability ofthis technique."", 'American Academy of Pediatrics and American College of Obstetricians and Gynecologists: Guidelines for perinatal care, 8th ed. Elk Grove Village, AAP,o2017\n\nAmerican College of Obstetricians and Gynecologists: Antepartum fetal surveillance. Practice Bulletin No. 145, July 2014, Reairmed 2016\n\nBadalian 55, Chao CR, Fox HE, et al: Fetal breathing-related nasal fluid flow velocity in uncomplicated pregnancies. Am J Obstet Gynecol 169:563, 1993\n\nBaschat AA: Opinion and review: Doppler application in the delivery timing in the preterm growth-restricted fetus: another step in the right direction. Ultrasound Obstet Gynecol 23: 11o8, 2004\n\nBaschat AA, Cosmi E, Bilardo C, et al: Predictors of neonatal ourcome in earlyonset placental dysfunction. Obstet Gynecol 109:253, 200\n\nBilardo CM, Wolf H, Stigter RH, et al: Relationship between monitoring parameters and perinatal outcome in severe, early intrauterine growth restriction. Ultrasound Obstet Gynecol 23: 199, 2004\n\nBourgeois FJ, Thiagarajah 5, Harbert GM J r: The signiicance of fetal heart rate decelerations during nonstress testing. Am J Obstet Gynecol 150:213, 1984 Brown R, Patrick J: he nonstress test: how long is enough? Am J Obstet\n\nGynecol 141:646, 1981\n\nClark SL, Sabey P, Jolley K: Nonstress testing with acoustic stimulation and amnionic luid volume assessment: 5973 tests without unexpected fetal death. Am J Obstet Gynecol 160:694, 1989', 'TOCO=IT.\n\nFIGURE 17-8 Nonreactive nonstress test (left side of tracing) followed by contraction stress test showing mild, late decelerations (right side of tracing). Cesarean delivery was performed, and the severely acidemic fetus could not be resuscitated.\n\nheart rate decelerations during nonstress tests were not a sign of fetal compromise. he American College of Obstetricians and Gynecologists (2016) has concluded that variable decelerations, if nonrepetitive and brief-less than 30 seconds-do not indicate fetal compromise or the need for obstetrical intervention. In contrast, repetitive variable decelerations-at least three in 20 minutes-even if mild, have been associated with a greater risk of cesarean delivery for fetal distress. Decelerations lasting 1 minute or longer have been reported to have an even worse prognosis (Bourgeois, 1984; Druzin, 1981; Pazos, 1982).\n\nHoskins and associates (1991) attempted to reine interpretation of testing that shows variable decelerations by adding sonographic estimation of amnionic luid volume. The incidence of cesarean delivery for intrapartum fetal distress progressively rose concurrently with the severity of variable decelerations and decline of amnionic luid volume. Severe variable decelerations during a nonstress test plus an amnionic luid index (AFI) ;5 em resulted in a 75-percent cesarean delivery rate. Fetal distress in labor, however, also frequently developed in those pregnancies with variable decelerations but with normal amounts of amnionic luid. Similar results were reported by Grubb and Paul (1992).', ""During scanning, because of theoretical temperature elevation in tissues exposed to pulsed Doppler beam, this modality is applied only when needed for additional diagnostic purposes. M-mode should be used to document cardiac activity and measure the rate (Lane, 2013). Finding of an IUP and cardiac activity lowers subsequent miscarriage rates (Siddiqi, 1988).\n\nIn addition to the diagnostic parameters of Table 18-3, other softer sonographic markers may portend early pregnancy failure. Values for yolk sac diameters (measured inner-to-inner ring) for each gestational week in normal pregnancy have been established. Yolk sac diameters ::6 mm in pregnancies < 10 weeks' gestation are suspicious for pregnancy failure (Berdahl, 2010; Lindsay, 1992). The fetal heart rate in the irst trimester rises from 110 to 130 beats per minute (bpm) at 6 weeks' gestation to 160 to 170 bpm at 8 weeks (Achiron, 1991; Rauch, 2009). A slower heart rate is unfavorable, especially those <85 bpm (Laboda, 1989; Stefos, 1998). Even with cardiac activity, fetuses with a small MSD may presage embryonic loss. Speciically, a diference <5 mm between the MSD and CRL values raises concern (Bromley, 1991; Dickey, 1992). Last, subchorionic hematoma, that is, blood collected between the chorion and uterine wall, often accompanies threatened miscarriage. Studies are contradictory as to its association with ultimate pregnancy loss (Pedersen, 1990; Stabile, 1989; Tuuli, 2011). Bennett and associates (1996) noted that miscarriage risk correlated with larger hematoma size, older maternal age, and bleeding at a gestational age :;8 weeks.""]",Echocardiogram,Echocardiogram,0.0,0.0,0.0,1.0,0.5755996668658988,golden_009,D,D,True,True
"A 35-year-old female presents to the emergency room complaining of diarrhea and dehydration. She has been experiencing severe watery diarrhea for the past 3 days. She reports that she has been unable to leave the bathroom for more than a few minutes at a time. She noticed earlier today that there was some blood on her toilet paper after wiping. She recently returned from a volunteer trip to Yemen where she worked at an orphanage. Her past medical history is notable for psoriasis for which she takes sulfasalazine. The patient drinks socially and does not smoke. Her temperature is 99°F (37.2°C), blood pressure is 100/55 mmHg, pulse is 130/min, and respirations are 20/min. Mucus membranes are dry. Her eyes appear sunken. Capillary refill is 4 seconds. The patient is started on intravenous fluid resuscitation. Which of the following processes is capable of transmitting the genetic material for the toxin responsible for this patient’s condition?","['Vibrio organisms are noninvasive but cause disease by producing a toxin that interferes with the absorptive function of enterocytes. Flagellar proteins, which are involved in motility and attachment, are necessary for efficient bacterial colonization, and a secreted metalloproteinase that also has hemagglutinin activity is important for bacterial detachment and shedding in the stool. However, it is the preformed enterotoxin, cholera toxin, which causes disease. The toxin, which is composed of five B subunits that direct endocytosis and a single active A subunit, is delivered to the endoplasmic reticulum by retrograde transport. A fragment of the A subunit is transported from the endoplasmic reticulum lumen into the cytosol, where it interacts with cytosolic ADP ribosylation factors to ribosylate and activate the G protein Gsα. This stimulates adenylate cyclase, and the resulting increases in intracellular cyclic adenosine monophosphate (cAMP) open the cystic fibrosis transmembrane conductance regulator (CFTR), which releases chloride ions into the lumen. This creates an osmotic gradient that draws water into the lumen, leading to massive secretory diarrhea. Remarkably, mucosal biopsy specimens show only minimal morphologic alterations.\n\nMost exposed individuals are asymptomatic or suffer only mild diarrhea. Those with severe disease have an abrupt onset of watery diarrhea and vomiting after an incubation period of 1 to 5 days. The volume of diarrhea may reach 1 L per hour, leading to dehydration, hypotension, electrolyte imbalances, muscular cramping, anuria, shock, loss of consciousness, and death. Most deaths occur within the first 24 hours of presentation. Although the mortality rate for severe cholera is 50% to 70% without treatment, fluid replacement can save more than 99% of patients.', 'V. cholerae.\n\nOnce established in the human small bowel, the organism produces cholera toxin, which consists of a monomeric enzymatic moiety (the A subunit) and a pentameric binding moiety (the B subunit). The B pen-tamer binds to GM1 ganglioside, a glycolipid on the surface of epithelial cells that serves as the toxin receptor and makes possible the delivery of the A subunit to its cytosolic target. The activated A subunit (A1) irreversibly transfers ADP-ribose from nicotinamide adenine dinucleotide to its specific target protein, the GTP-binding regulatory component of adenylate cyclase. The ADP-ribosylated G protein upregulates the activity of adenylate cyclase; the result is the intracellular accumulation of high levels of cyclic AMP. In intestinal epithelial cells, cyclic AMP inhibits the absorptive sodium transport system in villus cells and activates the secretory chloride transport system in crypt cells, and these events lead to the accumulation of sodium chloride in the intestinal lumen. Because water moves passively to maintain osmolality, isotonic fluid accumulates in the lumen. When the volume of that fluid exceeds the capacity of the rest of the gut to resorb it, watery diarrhea results. Unless the wasted fluid and electrolytes are adequately replaced, shock (due to profound dehydration) and acidosis (due to loss of bicarbonate) follow. Although perturbation of the adenylate cyclase pathway is the primary mechanism by which cholera toxin causes excess fluid secretion, cholera toxin also enhances intestinal secretion via prostaglandins and/or neural histamine receptors.\n\nThe V. cholerae genome comprises two circular chromosomes.', 'Normal peristalsis is the major mechanism for clearance of bacteria from the proximal small intestine. When intestinal motility is impaired (e.g., by treatment with opiates or other antimotility drugs, anatomic abnormalities, or hypomotility states), the frequency of bacterial overgrowth and infection of the small bowel with enteric pathogens is increased. Some patients whose treatment for Shigella infection consists of diphenoxylate hydrochloride with atropine (Lomotil) experience prolonged fever and shedding of organisms, while patients treated with opiates for mild Salmonella gastroenteritis have a higher frequency of bacteremia than those not treated with opiates.\n\nBoth cellular immune responses and antibody production play important roles in protection from enteric infections. Humoral immunity to enteric pathogens consists of systemic IgG and IgM as well as secretory IgA. The mucosal immune system may be the first line of defense against many gastrointestinal pathogens. The binding of bacterial antigens to the luminal surface of M cells in the distal small bowel and the subsequent presentation of antigens to subepithelial lymphoid tissue lead to the proliferation of sensitized lymphocytes. These lymphocytes circulate and populate all of the mucosal tissues of the body as IgAsecreting plasma cells.\n\nHost genetic variation influences susceptibility to diarrheal diseases. People with blood group O show increased susceptibility to disease due to V. cholerae, Shigella, E. coli O157, and norovirus. Polymorphisms in genes encoding inflammatory mediators have been associated with the outcome of infection with enteroaggregative E. coli, enterotoxin-producing E. coli, Salmonella, C. difficile, and V. cholerae.\n\nAPPROACH TO THE PATIENT:\n\nThe approach to the patient with possible infectious diarrhea or bacterial food poisoning is shown in Fig. 160-1.', 'After adherence of ETEC via colonization factors (e.g., CFA/I, CS1-6), disease is mediated primarily by a heat-labile toxin (LT-1) and/ or a heat-stable toxin (STa) that causes net fluid secretion via activation of adenylate cyclase (LT-1) and/or guanylate cyclase (STa) in the jejunum and ileum. The result is watery diarrhea accompanied by cramps. LT-1 consists of an A and a B subunit and is structurally and functionally similar to cholera toxin. Strong binding of the B subunit to the GM1 ganglioside on intestinal epithelial cells leads to the intracellular translocation of the A subunit, which functions as an ADPribosyltransferase. Mature STa is an 18or 19-amino-acid secreted peptide whose biologic activity is mediated by binding to the guanylate cyclase C found in the brush-border membrane of enterocytes and results in increased intracellular concentrations of cyclic GMP. Characteristically absent in ETEC-mediated disease are histopathologic changes within the small bowel; mucus, blood, and inflammatory cells in stool; and fever. The disease spectrum ranges from a mild illness to a life-threatening cholera-like syndrome. Although symptoms are usually self-limited (typically lasting for 3 days), infection may result in significant morbidity and mortality (mostly from profound volume depletion) when access to health care or suitable rehydration fluids is limited and when small and/or undernourished children are affected.', 'V. cholerae O139 is probably derived from an El Tor O1 strain that acquired the genes for O139 O-antigen synthesis by horizontal gene transfer.\n\nIndividuals infected with V. cholerae O1 or O139 exhibit a range of clinical manifestations. Some individuals are asymptomatic or have only mild diarrhea; others present with the sudden onset of explosive and life-threatening diarrhea (cholera gravis). The reasons for the range in signs and symptoms of disease are incompletely understood but include the level of preexisting immunity, blood type, and nutritional status. In a nonimmune individual, after a 24to 48-h incubation period, cholera characteristically begins with the sudden onset of painless watery diarrhea that may quickly become voluminous. Patients often vomit. In severe cases, volume loss can exceed 250 mL/ kg in the first 24 h. If fluids and electrolytes are not replaced, hypovolemic shock and death may ensue. Fever is usually absent. Muscle cramps due to electrolyte disturbances are common. The stool has a characteristic appearance: a nonbilious, gray, slightly cloudy fluid with flecks of mucus, no blood, and a somewhat fishy, inoffensive odor. It has been called “rice-water” stool because of its resemblance to the water in which rice has been washed (Fig. 193-2). Clinical symptoms']",Conjugation,Transduction,0.0,0.0,0.0,0.18039581689884535,0.6019952348619838,golden_010,B,C,False,True
"A 19-year-old woman presents to her gynecologist’s office stating that she has never had a period. She is slightly alarmed because most of her friends in college have been menstruating for years. She is also concerned about her short stature. When she previously visited her family physician during early puberty, she was told that she will gain the appropriate height during her final teenage years. However, over the past few years, she has gained only a couple of inches. On examination, she has a wide chest and short neck. Her breast development is at Tanner stage 1. Her external genitalia is normal with sparse hair distribution over the mons pubis. Her gynecologist suspects a genetic condition and sends her for genetic counseling. Based on her clinical findings, which of the following diseases is she most likely to develop?","['Figure 29.13 Right A: A 16-year-old girl with delayed puberty. Breast budding began at 11 years of age, but there was no further development. During the year before presentation, her scholastic performance in school deteriorated, she gained 25 lb, she became increasingly lethargic, and nocturia and polydypsia were noted. Initial evaluation documented low follicle-stimulating hormone, elevated prolactin, and a bone age of 10.5 years. Computed tomography scanning documented a large hypothalamic neoplasm that proved to be an ectopic germinoma. The patient was also documented to be hypothyroid and hypoadrenal and to have diabetes insipidus. Despite the elevated prolactin, she had no galactorrhea because of the minimal breast development. (From Rebar RW. Normal and abnormal sexual differentiation and pubertal development. In: Moore TR, Reiter RC, Rebar RW, et al., eds. Gynecology and obstetrics: a longitudinal approach. New York: Churchill Livingstone, 1993:97–133, with permission.)\n\nSevere chronic illnesses, often accompanied by malnutrition, may lead to slowed growth in childhood and delayed adolescence. Regardless of the cause, weight loss to less than 80% to 85% of ideal body weight often results in hypothalamic GnRH deficiency. If adequate body weight and nutrition are maintained in chronic illnesses such as Crohn disease or chronic pulmonary or renal disease, sufficient gonadotropin secretion usually is present to initiate and maintain pubertal development.\n\nAnorexia Nervosa and Bulimia Significant weight loss and psychological dysfunction occur simultaneously with anorexia nervosa (60,61). Although many anorectic girls experience amenorrhea after pubertal development begins, if the disorder begins sufficiently early,', 'Girls with ambiguous genitalia may require reconstructive surgery, including clitoral recession and vaginoplasty. Timing of such surgery is debated, but the girl must be of appropriate size to ensure the surgery is as simple as possible.\n\nThe most common cause of heterosexual development at the expected age of puberty is PCOS (Fig. 29.21). Because the syndrome is heterogeneous and poorly defined, clinical difficulties result in diagnosis and management (90). For the sake of simplicity, PCOS may be defined as LH-dependent hyperandrogenism (91). The Rotterdam criteria are commonly used to identify individuals with PCOS and require the presence of at least two of the following: oligoor anovulation, clinical and/or biochemical signs of hyperandrogenism, and polycystic ovaries, with exclusion of other etiologies (CAH, androgen-secreting tumors, Cushing syndrome) (92). Polycystic ovaries ultrasonically are defined as the presence of 12 or more follicles in each ovary measuring 2 to 9 mm in diameter and/or increased ovarian volume (>10 mL). Most clinical manifestations arise as a consequence of the hyperandrogenism and often include hirsutism beginning at or near puberty and irregular menses from the age of menarche because of oligoovulation or anovulation. Clinical manifestations are as follows: 1.\n\nAffected girls may be but are not necessarily somewhat overweight.\n\n2.\n\nIn rare instances, menarche may be delayed, and primary amenorrhea may occur.\n\n3.\n\nBasal levels of LH tend to be elevated in most affected individuals, and androgen production is invariably increased, even though circulating levels of androgens may be near the upper limits of the normal range in many affected women.\n\nFigure 29.21 Typical facial hirsutism in three women with polycystic ovarian syndrome. A: 25-year-old.', 'Available @ StudentConsult.com\n\nIn addition to other diagnoses mentioned, other conditionsneed to be considered when evaluating girls with lack ofmenses. The Mayer-Rokitansky-Kuster-Hauser syndrome ofcongenital absence of the uterus occurs in 1 in 4000 to 5000female births. Anatomic obstruction by imperforate hymen orvaginal septum also presents with normal secondary sexualdevelopment without menstruation. The complete syndromeof androgen insensitivity includes normal feminization, absence of pubic or axillary hair, and primary amenorrhea.In this syndrome, all müllerian structures, including ovaries, uterus, fallopian tubes, and upper third of the vagina, are lacking; the karyotype is 46,XY, and subjects have intra-abdominal testes.\n\nWhen no secondary sexual development is present after the upper age limits of normal pubertal development, serum gonadotropin levels should be obtained to determine whether the patient has a hypogonadotropic or hypergonadotropic hypogonadism (see Table 174-2). Based on gonadotropin measurements only, the differentiation between constitutional delay in growth and hypogonadotropic hypogonadism is difficult; the gonadotropin levels are low in both conditions. Sometimes observation for months or years is necessary before the diagnosis is confirmed. Ultrasound of the pelvic structures in females would be helpful in the workup of delayed puberty.', 'Fig. 7.16 ClinicalfeaturesandkaryotypesofTurnersyndrome.\n\nto develop normal secondary sex characteristics; the genitalia remain infantile, breast development is minimal, and little pubic hair appears. Most patients have primary amenorrhea, and morphologic examination shows transformation of the ovaries into white streaks of fibrous stroma devoid of follicles. The mental status of these patients usually is normal, but subtle defects in visual–spatial information processing have been noted. Curiously, hypothyroidism caused by autoantibodies occurs, especially in women with isochromosome Xp. As many as 50% of these patients develop clinical hypothyroidism. In adult patients, a combination of short stature and primary amenorrhea should prompt strong suspicion for Turner syndrome. The diagnosis is established by karyotyping.\n\nApproximately 43% of patients with Turner syndrome either are mosaics (one of the cell lines being 45,X) or have structural abnormalities of the X chromosome. The most common is deletion of the short arm, resulting in the formation of an isochromosome of the long arm, 46,X,i(X) (q10). The net effect of the associated structural abnormalities is to produce partial monosomy of the X chromosome. Combinations of deletions and mosaicism also occur. It is important to appreciate the karyotypic heterogeneity associated with Turner syndrome because it is responsible for significant variations in the phenotype. In contrast with the patients with monosomy X, those who are mosaics or have deletion variants may have an almost normal appearance and may present only with primary amenorrhea.', 'Delayed Puberty Delayed puberty (Table 412-4) is defined as the absence of secondary sexual characteristics by age 13 in girls. The diagnostic considerations are very similar to those for primary amenorrhea (Chap. 69). Between 25 and 40% of delayed puberty in girls is of ovarian origin, with Turner’s syndrome accounting for the majority of such patients. Functional hypogonadotropic hypogonadism encompasses diverse etiologies such as systemic illnesses, including celiac disease and chronic renal disease, and endocrinopathies such as diabetes and hypothyroidism. In addition, girls appear to be particularly susceptible to the adverse effects of decreased energy balance resulting from exercise, dieting, and/or eating disorders. Together these reversible conditions account for ~25% of delayed puberty in girls. Congenital hypogonadotropic hypogonadism in girls or boys can be caused by mutations in several different genes or combinations of genes (Fig. 412-4, Chap. 411, Table 411-2). Approximately 50% of girls with congenital hypogonadotropic hypogonadism, with or without anosmia, have a history of some degree of breast development, and 10% report one to two episodes of vaginal bleeding. Family studies suggest that genes identified in association with absent puberty may also cause delayed puberty, and recent reports have further suggested that a genetic susceptibility to environmental stresses such as diet and exercise may account for at least some cases of functional hypothalamic amenorrhea. Although neuroanatomic causes of delayed puberty are considerably less common in girls than in boys, it is always important to rule these out in the setting of hypogonadotropic hypogonadism.']",Coarctation of aorta,Coarctation of aorta,0.0,0.0,0.0,1.0,0.5244361780777386,golden_011,B,B,True,True
