user_input,retrieved_contexts,response,reference,context_precision,context_recall,faithfulness,answer_relevancy,answer_correctness,question_id,_pred_letter,_gold_letter,_is_correct,_has_context
"A 12-year-old boy who recently immigrated from Namibia is being evaluated for exertional shortness of breath and joint pain for the past month. His mother reports that he used to play soccer but now is unable to finish a game before he runs out of air or begins to complain of knee pain. He was a good student but his grades have recently been declining over the past few months. The mother recalls that he had a sore throat and didn’t go to school for 3 days a few months ago. He had chickenpox at the age of 5 and suffers from recurrent rhinitis. He is currently taking over-the-counter multivitamins. His blood pressure is 110/90 mm Hg, pulse rate is 55/min, and respiratory rate is 12/min. On physical examination, subcutaneous nodules are noted on his elbows bilaterally. On cardiac auscultation, a holosystolic murmur is heard over the mitral area that is localized. Lab work shows:
Hemoglobin 12.9 g/dL
Hematocrit 37.7%
Leukocyte count 5,500/mm3
Neutrophils 65%
Lymphocytes 30%
Monocytes 5%
Mean corpuscular volume 82.2 fL
Platelet count 139,000/mm3
Erythrocyte sedimentation rate 35 mm/h
C-reactive protein 14 mg/dL
Antistreptolysin O (ASO) 400 IU (normal range: > 200 IU)
Which is the mechanism behind the cause of this boy’s symptoms?","['Camille E. Beauduy, PharmD, & Lisa G. Winston, MD*\n\nA 45-year-old man is brought to the local hospital emer-gency department by ambulance. His wife reports that he had been in his normal state of health until 3 days ago when he developed a fever and a productive cough. Dur-ing the last 24 hours he has complained of a headache and is increasingly confused. His wife reports that his medical history is significant only for hypertension, for which he takes hydrochlorothiazide and lisinopril, and that he is allergic to amoxicillin. She says that he developed a rash many years ago when prescribed amoxicillin for bron-chitis. In the emergency department, the man is febrile (38.7°C [101.7°F]), hypotensive (90/54 mmHg), tachypneic (36/min), and tachycardic (110/min). He has no signs of meningismus but is oriented only to person. A stat chest x-ray shows a left lower lung consolidation consistent with pneumonia. A CT scan is not concerning for lesions or elevated intracranial pressure. The plan is to start empiric antibiotics and perform a lumbar puncture to rule out bacterial meningitis. What antibiotic regimen should be prescribed to treat both pneumonia and meningitis? Does the history of amoxicillin rash affect the antibiotic choice? Why or why not?\n\nThe penicillins share features of chemistry, mechanism of action, pharmacology, and immunologic characteristics with cephalosporins, monobactams, carbapenems, and β-lactamase inhibitors. All are β-lactam compounds, so named because of their four-membered lactam ring.', 'Case 1: Chest Pain\n\nPatient Presentation: BJ, a 35-year-old man with severe substernal chest pain of ~2 hours’ duration, is brought by ambulance to his local hospital at 5 AM. The pain is accompanied by dyspnea (shortness of breath), diaphoresis (sweating), and nausea.\n\nFocused History: BJ reports episodes of exertional chest pain in the last few months, but they were less severe and of short duration. He smokes (2–3 packs per day), drinks alcohol only rarely, eats a “typical” diet, and walks with his wife most weekends. His blood pressure has been normal. Family history reveals that his father and paternal aunt died of heart disease at age 45 and 39 years, respectively. His mother and younger (age 31 years) brother are said to be in good health.\n\nPhysical Examination (Pertinent Findings): BJ is pale and clammy and is in distress due to chest pain. Blood pressure and respiratory rate are elevated. Lipid deposits are noted on the periphery of his corneas (corneal arcus; see left image) and under the skin on and around his eyelids (xanthelasmas; see right image). No deposits on his tendons (xanthomas) are detected.\n\nPertinent Test Results: BJ’s electrocardiogram is consistent with a myocardial infarction (MI). Angiography reveals areas of severe stenosis (narrowing) of several coronary arteries. Initial results from the clinical laboratory include the following:\n\nH = High; L = Low. [Note: BJ had not eaten for ~8 hours prior to the blood draw.]', 'TQ4. One of the reasons for encouraging smoking cessation and exercise for BJ is that these changes raise the level of HDL, and elevated HDL reduces the risk for CHD. How does a rise in HDL reduce the risk for CHD?\n\nCase 2: Severe Fasting Hypoglycemia\n\nPatient Presentation: JS is a 4-month-old boy whose mother is concerned about the “twitching” movements he makes just before feedings. She tells the pediatrician that the movements started ~1 week ago, are most apparent in the morning, and disappear shortly after eating.\n\nFocused History: JS is the product of a normal pregnancy and delivery. He appeared normal at birth. On his growth charts, he has been at the 30th percentile for both weight and length since birth. His immunizations are up to date. JS last ate a few hours ago.\n\nPhysical Examination (Pertinent Findings): JS appears sleepy and feels clammy to the touch. His respiratory rate is elevated. His temperature is normal. JS has a protuberant, firm abdomen that appears to be nontender. His liver is palpable 4 cm below the right costal margin and is smooth. His kidneys are enlarged and symmetrical.\n\nPertinent Test Results:\n\nH = High; L = Low.', 'Q3. Why is urinary urobilinogen increased relative to normal in hemolytic jaundice and absent in obstructive jaundice?\n\nCase 7: Joint Pain\n\nPatient Presentation: IR is a 22-year-old male who presents for follow-up 10 days after having been treated in the Emergency Department (ED) for severe inflammation at the base of his thumb.\n\nFocused History: This was IR’s first occurrence of severe joint pain. In the ED, he was given an anti-inflammatory medication. Fluid aspirated from the carpometacarpal joint of the thumb was negative for organisms but positive for needle-shaped monosodium urate (MSU) crystals (see image at right). The inflammatory symptoms have since resolved. IR reports he is in good health otherwise, with no significant past medical history. His body mass index (BMI) is 31. No tophi (deposits of MSU crystals under the skin) were detected in the physical examination.\n\nPertinent Findings: Results on a 24-hour urine specimen and blood tests requested in advance of this visit reveal that IR is not an undersecretor of uric acid. His blood urate was 8.5 mg/dl (reference = 2.5–8.0). The unusually young age of presentation is suggestive of an enzymopathy of purine metabolism, and additional blood tests are ordered.\n\nDiagnosis: IR has gout (MSU crystal deposition disease), a type of inflammatory arthritis.\n\nTreatment: IR was given prescriptions for allopurinol and colchicine. The treatment goals are to reduce his blood urate levels to <6.0 mg/dl and prevent additional attacks. He was advised to lose weight because being overweight or obese is a risk factor for gout. His BMI of 31 puts him in the obese category. He was also given written information on the association between diet and gout.', 'Therapeutic & Toxic Potential of Over-the-Counter Agents\n\nValerie B. Clinard, PharmD, & Robin L. Corelli, PharmD\n\nHer social history is significant for alcohol use (three to four glasses of wine/night). Her vital signs include the following: temperature 99.8°F, blood pressure 132/64 mm Hg, pulse 78 bpm, and respiratory rate 15/min. On physical examination, she had left upper abdominal tenderness with evidence of hepatomegaly and mild scleral icterus. Laboratory data revealed the following: alanine aminotransferase, 527 IU/L (normal 10–35 IU/L); aspartate aminotransferase, 425 IU/L (normal < 35 IU/L); and bilirubin, 2.9 mg/dL (normal 0.1–0.3 mg/dL). What medications do OTC cold and flu preparations typically contain? Which of the OTC medications might have contrib-uted to the patient’s current symptoms? KH, a 55-year-old woman, presents to the emergency department with nausea, vomiting, and complaints of new-onset flu symptoms over the past several days. Her past medical history is significant for allergic rhinitis and chronic lower back pain secondary to a work-related fall 2 years ago. Her current medications include Norco 5/325 (hydrocodone 5 mg/ acetaminophen 325 mg per tablet; two tablets four times daily for pain) and loratadine (10 mg daily). The patient also reported recent use of several over-the-counter (OTC) medications over the past 3 days to treat the new-onset flu symptoms, including Alka-Seltzer Plus Severe Cold + Flu (two tablets every 4 hours during the day) and Tylenol PM (two tablets at bedtime).']",Type III hypersensitivity reaction,Type II hypersensitivity reaction,0.0,0.0,0.0,0.5977799784032362,0.4236514045754616,golden_000,C,B,False,True
A 55-year-old woman with a 1-year history of left-sided tinnitus is diagnosed with a tumor of the left jugular fossa. Sialometry shows decreased production of saliva from the left parotid gland. The finding on sialometry is best explained by a lesion of the nerve that is also responsible for which of the following?,"['The patient consented for removal of the parotid gland and a discussion of the possibility for loss of facial function and facial paralysis was had with the patient at this time.\n\nWithin the parotid gland the facial nerve [VII] divides into its five terminal branches. At operation the gland is displayed and extremely careful dissection is necessary to peel away the parotid gland from the branches of the facial nerve [VII]. This procedure was made more difficult by the chronic inflammatory change within the gland. After the procedure the patient made a good recovery, though there was some mild paralysis of the whole of the right side of the face. Importantly, taste to the anterior two-thirds of the tongue was preserved. The taste fibers to the anterior two-thirds of the tongue travel in the chorda tympani nerve, which is a branch of the facial nerve [VII]. This nerve leaves the facial nerve [VII] to join the lingual nerve proximal to the parotid gland; therefore, any damage to the facial nerve [VII] within the parotid gland does not affect special sensation (taste).\n\nOver the following week the paralysis improved and was likely due to nerve bruising during the procedure. The patient remained asymptomatic.\n\nA 60-year-old woman was brought to the emergency department with acute right-sided weakness, predominantly in the upper limb, which lasted for 24 hours. She made an uneventful recovery, but was extremely concerned about the nature of her illness and went to see her local doctor.\n\nA diagnosis of a transient ischemic attack (TIA) was made.\n\nA TIA is a neurological deficit resolving within 24 hours. It is a type of stroke.\n\nNeurological deficits may be permanent or transient. Most transient events resolve within 21 days; any failure of resolution beyond 21 days is an established stroke.\n\nAn investigation into the cause of the TIA was undertaken.', 'The patient made an uneventful recovery.\n\nMost esophageal cancers are diagnosed relatively late and often have lymph node metastatic spread. A number of patients will also have a spread of tumor to the liver. The overall prognosis for esophageal cancer is poor, with approximately a 25%, 5-year survival rate.\n\nDiagnosing esophageal cancer in its early stages before lymph node spread is ideal and can produce a curative procedure.\n\nOur patient went on to have chemotherapy and enjoys a good quality of life 4 years after his operation.\n\nA 45-year-old woman, with a history of breast cancer in the left breast, returned to her physician. Unfortunately the disease had spread to the axillary lymph nodes and bones (bony metastatic disease). A surgeon duly resected the primary breast tumor with a wide local excision and then performed an axillary nodal clearance. The patient was then referred to an oncologist for chemotherapy. Chemotherapy was delivered through a portacath, which is a subcutaneous reservoir from which a small catheter passes under the skin into the internal jugular vein. The patient duly underwent a portacath insertion without complication, completed her course of chemotherapy, and is currently doing well 5 years later.\n\nThe portacath was placed on the patient’s right anterior chest wall and the line was placed into the right internal jugular vein. The left internal jugular vein and subcutaneous tissues were not used. The reason for not using this site was that the patient had previously undergone an axillary dissection on the left, and the lymph nodes and lymphatics were removed. Placement of a portacath in this region may produce an inflammatory response and may even get infected. Unfortunately, because there are no lymphatics to drain away infected material and to remove bacteria, severe sepsis and life-threatening infection may ensue.\n\nHow was it placed?', 'Neurol 38:317, 1981.\n\nFigure 31-1.\u2002MRI, FLAIR sequence showing microabscesses of melioidosis in some of the typical locations of the deep cerebellum (left panel) and cerebral white matter (right panel).\n\nFigure 31-2.\u2002MRI showing a right frontal brain abscesses associated with bacterial endocarditis (S. aureus) in a 55-year-old man. There is characteristic rim enhancement with gadolinium (left panel) and restricted diffusion within the abscess (right panel).\n\nFigure 31-3.\u2002MRI in tuberculous meningitis showing gadolinium enhancement of the basal meninges, reflecting multiple abscesses, accompanied by hydrocephalus and cranial nerve palsies.\n\nFigure 31-4.\u2002A tuberculoma of the pons on a gadolinium-enhanced MRI (left panel). There is a thick, uniform enhancing rim. The mass behaved clinically like a malignant brain tumor. The right panel shows the same lesion after antituberculous treatment.\n\nFigure 31-5.\u2002Diagram of the evolution of neurosyphilis.\n\nFigure 31-6.\u2002MRI showing a rim-enhancing Toxoplasma abscess in the deep left cerebral hemisphere in a patient with HIV. There is mass effect and surrounding edema, features which are variable.\n\nFigure 31-7.\u2002Cysticercosis on CT without contrast. Multiple vesicular lesions, some with visible scolices and without mass effect (left panel) that became calcified 2 years later (right panel).\n\nFigure 31-8.\u2002MRI of schistosomiasis (S. mansoni) with gadolinium enhancement of patchy lesions in the left temporal lobe in a traveler returning from Ghana.', 'Creating a transjugular intrahepatic portosystemic shunt is a relatively new technique that may be carried out under local anesthesia. Using a right internal jugular approach, a long needle is placed through the internal jugular vein, the superior vena cava, and the right atrium, into the inferior vena cava. The right hepatic vein is cannulated and, with special steering wires, a needle is passed through the hepatic substance directly into the right branch of the portal vein. A small balloon is passed over the wire and through the hepatic substance and is inflated. After the balloon has been removed, a metallic stent (a flexible wire tube) is placed across this tract in the liver to keep it open. Blood now freely flows from the portal vein into the right hepatic vein, creating a portosystemic shunt.\n\nAs a result of this procedure, the pressure in this patient’s portal system is lower and similar to that of the systemic venous system, so reducing the potential for bleeding at the portosystemic anastomoses (i.e., the colostomy).\n\nA 62-year-old man came to the emergency department with swelling of both legs and a large left varicocele (enlarged and engorged varicose veins around the left testis and within the left pampiniform plexus of veins).\n\nThe patient was known to have a left renal cell carcinoma and was due to have this operated on the following week.\n\nAnatomically it is possible to link all of the findings with the renal cell carcinoma by knowing the biology of the tumor.', 'The patient underwent a CT scan.\n\nA CT scan of the facial bones demonstrated a fracture through the floor of the orbit (Fig. 8.293).\n\nA careful review of this CT scan demonstrated that the inferior oblique muscle had been pulled inferiorly with the fragment of bone in the fracture. This produced a tethering effect, so when the patient was asked to gaze in the upward direction, the left eye was able to do so but the right eye was unable to because of the tethered inferior oblique muscle.\n\nThe patient underwent surgical exploration to elevate the small bony fragment and return the inferior oblique to its appropriate position. On follow-up the patient had no complications.\n\nA 25-year-old man complained of significant swelling in front of his right ear before and around mealtimes. This swelling was associated with considerable pain, which was provoked by the ingestion of lemon sweets. On examination he had tenderness around the right parotid region and a hard nodule was demonstrated in the buccal mucosa adjacent to the right upper molar teeth.\n\nA diagnosis of parotid duct calculus was made.\n\nThe formation of stones in the salivary glands is not uncommon, but it is more likely in the submandibular gland than in the parotid gland because the saliva is more mucinous and the duct has a long upward course from the floor of the mouth. Nevertheless, stones do form in the parotid gland and the parotid ducts. Notably, most parotid duct calculi and submandibular duct calculi occur in mouths with excellent dental hygiene and mucosa.\n\nAn ultrasound scan was performed.']",Afferent limb of the gag reflex,Afferent limb of the gag reflex,0.0,0.0,0.0,0.5611271520577266,0.8750000000000001,golden_001,B,B,True,True
"A 3-year-old boy is brought to the emergency department with a history of unintentional ingestion of seawater while swimming in the sea. The amount of seawater ingested is not known. There is no history of vomiting. On physical examination, the boy appears confused and is asking for more water to drink. His serum sodium is 152 mmol/L (152 mEq/L). Which of the following changes in volumes and osmolality of body fluids are most likely to be present in this boy?","['In type I (hypervolemic) or type II (hypovolemic) hyponatremia, osmotic suppression of AVP secretion appears to be counteracted by a hemodynamic stimulus resulting from a large reduction in cardiac output and/or effective blood volume. The resultant antidiuresis is enhanced by decreased distal delivery of glomerular filtrate that results from increased reabsorption of sodium in proximal nephron. 2281 If the reduction in urine output is not associated with a commensurate reduction in water intake or an increase in insensible loss, body fluids are expanded and diluted, resulting in hyponatremia despite an increase in body sodium. Unlike SIADH and other forms of euvolemic hyponatremia, however, glomerular filtration is reduced and plasma renin activity and aldosterone are elevated. Thus, the rate of urinary sodium excretion is low (unless sodium reabsorption is impaired by a diuretic), and the hyponatremia is usually accompanied by edema, hypokalemia, azotemia, and hyperuricemia. In type II (hypovolemic) hyponatremia, sodium and water are also retained as an appropriate compensatory response to the severe depletion.\n\nDifferential Diagnosis SIADH is a diagnosis of exclusion that usually can be made from the history, physical examination, and basic laboratory data. If hyperglycemia is present, its contribution to the reduction in plasma sodium can be estimated either by measuring plasma osmolarity for a more accurate estimate of the true “effective” tonicity of body fluids or by correcting the measured plasma sodium for the reduction caused by the hyperglycemia using the simplified formula where P = plasma sodium in meq/L and P = plasma glucose in mg/dL.', 'Choose the ONE best answer.\n\n2.1. A nursing female with classic galactosemia is on a galactose-free diet. She is able to produce lactose in breast milk because:\n\nA. galactose can be produced from fructose by isomerization.\n\nB. galactose can be produced from a glucose metabolite by epimerization.\n\nC. hexokinase can efficiently phosphorylate galactose to galactose 1phosphate.\n\nD. the enzyme affected in galactosemia is activated by a hormone produced in the mammary gland.\n\nCorrect answer = B. Uridine diphosphate (UDP)-glucose is converted to UDPgalactose by UDP-hexose 4-epimerase, thereby providing the appropriate form of galactose for lactose synthesis. Isomerization of fructose to galactose does not occur in the human body. Galactose is not converted to galactose 1phosphate by hexokinase. A galactose-free diet provides no galactose. Galactosemia is the result of an enzyme (galactose 1-phosphate uridylyltransferase) deficiency.\n\n2.2. A 5-month-old boy is brought to his physician because of vomiting, night sweats, and tremors. History revealed that these symptoms began after fruit juices were introduced to his diet as he was being weaned off breast milk. The physical examination was remarkable for hepatomegaly. Tests on the baby’s urine were positive for reducing sugar but negative for glucose. The infant most likely suffers from a deficiency of:\n\nA. aldolase B.\n\nB. fructokinase.\n\nC. galactokinase.\n\nD. β-galactosidase.', 'D. They result in the activation of glycogen and triacylglycerol synthesis.\n\nQ3. NE bound to certain receptors causes vasoconstriction and an increase in blood pressure. Why might NE be used clinically in the treatment of septic shock?\n\nCase 5: Sun Sensitivity\n\nPatient Presentation: AZ is a 6-year-old boy who is being evaluated for freckle-like areas of hyperpigmentation on his face, neck, forearms, and lower legs.\n\nFocused History: AZ’s father reports that the boy has always been quite sensitive to the sun. His skin turns red (erythema) and his eyes hurt (photophobia) if he is exposed to the sun for any period of time.\n\nPertinent Findings: The physical examination was remarkable for the presence of thickened, scaly areas (actinic keratosis) and hyperpigmented areas on skin exposed to ultraviolet (UV) radiation from the sun. Small dilated blood vessels (telangiectasia) were also seen. Tissue from several sites on his face was biopsied, and two were later determined to be squamous cell carcinomas.\n\nDiagnosis: AZ has xeroderma pigmentosum, a rare defect in nucleotide excision repair of DNA.\n\nTreatment: Protection from sunlight through use of sunscreens such as protective clothing that reflect UV radiation and chemicals that absorb it is essential. Frequent skin and eye examinations are recommended.\n\nPrognosis: Most patients with xeroderma pigmentosum die at an early age from skin cancers. However, survival beyond middle age is possible.\n\nCase-Related Questions: Choose the ONE best answer.\n\nQ1. Which of the following statements about DNA repair mechanisms is correct? DNA repair:\n\nA. is performed only by eukaryotes.\n\nB. of double-strand breaks is error free.', 'TQ4. One of the reasons for encouraging smoking cessation and exercise for BJ is that these changes raise the level of HDL, and elevated HDL reduces the risk for CHD. How does a rise in HDL reduce the risk for CHD?\n\nCase 2: Severe Fasting Hypoglycemia\n\nPatient Presentation: JS is a 4-month-old boy whose mother is concerned about the “twitching” movements he makes just before feedings. She tells the pediatrician that the movements started ~1 week ago, are most apparent in the morning, and disappear shortly after eating.\n\nFocused History: JS is the product of a normal pregnancy and delivery. He appeared normal at birth. On his growth charts, he has been at the 30th percentile for both weight and length since birth. His immunizations are up to date. JS last ate a few hours ago.\n\nPhysical Examination (Pertinent Findings): JS appears sleepy and feels clammy to the touch. His respiratory rate is elevated. His temperature is normal. JS has a protuberant, firm abdomen that appears to be nontender. His liver is palpable 4 cm below the right costal margin and is smooth. His kidneys are enlarged and symmetrical.\n\nPertinent Test Results:\n\nH = High; L = Low.', 'Special attention is warranted in the elderly patient undergoing surgery. Normal physiological changes associated with aging can increase the likelihood of ﬂuid and electrolyte disorders. These changes include decreased glomerular filtration rate, decreased urinary concentrating ability, and narrowed limits for excretion of water and electrolytes (28). Fluid and electrolyte management in the perioperative period requires knowledge of the daily ﬂuid and electrolyte requirements for maintenance, replacement of ongoing ﬂuid and electrolyte losses, as well as correction of any existing abnormalities.\n\nThe body adjusts to higher and lower volumes of intake by changes in plasma tonicity. Alterations in plasma tonicity induce adjustments in circulating antidiuretic hormone levels, which ultimately regulate the amount of water retained in the distal tubule of the kidney. In the preoperative and the early postoperative periods, it is usually necessary to replace only sodium and potassium. Chloride is automatically replaced, concomitant with sodium and potassium, because chloride is the usual anion used to balance sodium and potassium in electrolyte solutions. There are various commercially available solutions containing 40 mmol of sodium chloride, with smaller amounts of potassium, calcium, and magnesium, designed to meet the requirements of a patient who is receiving3Lof intravenous ﬂuids per day. The daily requirement can be met by any combination of intravenous ﬂuids. For example, 2 L of D5 (5% dextrose)/0.45 normal saline (7 mEq sodium chloride each), supplemented with 20 mEq of potassium chloride, followed by 1 L of D5W (5% dextrose in water) with 20 mEq of potassium chloride, would suffice.']","Increased ECF volume, decreased ICF volume, increased body osmolality","Increased ECF volume, decreased ICF volume, increased body osmolality",0.0,0.0,0.0,0.7231347616176814,0.9500000000000001,golden_002,D,D,True,True
"A 46-year-old male with a history of recurrent deep venous thromboses on warfarin presents to his hematologist for a follow-up visit. He reports that he feels well and has no complaints. His INR at his last visit was 2.5 while his current INR is 4.0. His past medical history is also notable for recent diagnoses of hypertension, hyperlipidemia, and gastroesophageal reflux disease. He also has severe seasonal allergies. He reports that since his last visit, he started multiple new medications at the recommendation of his primary care physician. Which of the following medications was this patient likely started on?","['Q3. Why is urinary urobilinogen increased relative to normal in hemolytic jaundice and absent in obstructive jaundice?\n\nCase 7: Joint Pain\n\nPatient Presentation: IR is a 22-year-old male who presents for follow-up 10 days after having been treated in the Emergency Department (ED) for severe inflammation at the base of his thumb.\n\nFocused History: This was IR’s first occurrence of severe joint pain. In the ED, he was given an anti-inflammatory medication. Fluid aspirated from the carpometacarpal joint of the thumb was negative for organisms but positive for needle-shaped monosodium urate (MSU) crystals (see image at right). The inflammatory symptoms have since resolved. IR reports he is in good health otherwise, with no significant past medical history. His body mass index (BMI) is 31. No tophi (deposits of MSU crystals under the skin) were detected in the physical examination.\n\nPertinent Findings: Results on a 24-hour urine specimen and blood tests requested in advance of this visit reveal that IR is not an undersecretor of uric acid. His blood urate was 8.5 mg/dl (reference = 2.5–8.0). The unusually young age of presentation is suggestive of an enzymopathy of purine metabolism, and additional blood tests are ordered.\n\nDiagnosis: IR has gout (MSU crystal deposition disease), a type of inflammatory arthritis.\n\nTreatment: IR was given prescriptions for allopurinol and colchicine. The treatment goals are to reduce his blood urate levels to <6.0 mg/dl and prevent additional attacks. He was advised to lose weight because being overweight or obese is a risk factor for gout. His BMI of 31 puts him in the obese category. He was also given written information on the association between diet and gout.', 'Pharmacologic Management of Parkinsonism & Other Movement Disorders\n\nMichael J. Aminoff, MD, DSc, FRCP\n\nA 76-year-old retired banker complains of a shuffling gait with occasional falls over the last year. He has developed a stooped posture, drags his left leg when walking, and is unsteady on turning. He remains independent in all activi-ties of daily living, but he has become more forgetful and occasionally sees his long-deceased father in his bedroom. Examination reveals hypomimia, hypophonia, a slight rest tremor of the right hand and chin, mild rigidity, and impaired rapid alternating movements in all limbs. Neuro-logic and general examinations are otherwise normal. What is the likely diagnosis and prognosis? The patient is started on a dopamine agonist, and the dose is gradually built up to the therapeutic range. Was this a good choice of medications? Six months later, the patient and his wife return for follow-up. It now becomes apparent that he is falling asleep at inappropriate times, such as at the dinner table, and when awake, he spends much of the time in arranging and rear-ranging the table cutlery or in picking at his clothes. To what is his condition due, and how should it be managed? Would you recommend surgical treatment?', 'TQ4. One of the reasons for encouraging smoking cessation and exercise for BJ is that these changes raise the level of HDL, and elevated HDL reduces the risk for CHD. How does a rise in HDL reduce the risk for CHD?\n\nCase 2: Severe Fasting Hypoglycemia\n\nPatient Presentation: JS is a 4-month-old boy whose mother is concerned about the “twitching” movements he makes just before feedings. She tells the pediatrician that the movements started ~1 week ago, are most apparent in the morning, and disappear shortly after eating.\n\nFocused History: JS is the product of a normal pregnancy and delivery. He appeared normal at birth. On his growth charts, he has been at the 30th percentile for both weight and length since birth. His immunizations are up to date. JS last ate a few hours ago.\n\nPhysical Examination (Pertinent Findings): JS appears sleepy and feels clammy to the touch. His respiratory rate is elevated. His temperature is normal. JS has a protuberant, firm abdomen that appears to be nontender. His liver is palpable 4 cm below the right costal margin and is smooth. His kidneys are enlarged and symmetrical.\n\nPertinent Test Results:\n\nH = High; L = Low.', 'Camille E. Beauduy, PharmD, & Lisa G. Winston, MD*\n\nA 45-year-old man is brought to the local hospital emer-gency department by ambulance. His wife reports that he had been in his normal state of health until 3 days ago when he developed a fever and a productive cough. Dur-ing the last 24 hours he has complained of a headache and is increasingly confused. His wife reports that his medical history is significant only for hypertension, for which he takes hydrochlorothiazide and lisinopril, and that he is allergic to amoxicillin. She says that he developed a rash many years ago when prescribed amoxicillin for bron-chitis. In the emergency department, the man is febrile (38.7°C [101.7°F]), hypotensive (90/54 mmHg), tachypneic (36/min), and tachycardic (110/min). He has no signs of meningismus but is oriented only to person. A stat chest x-ray shows a left lower lung consolidation consistent with pneumonia. A CT scan is not concerning for lesions or elevated intracranial pressure. The plan is to start empiric antibiotics and perform a lumbar puncture to rule out bacterial meningitis. What antibiotic regimen should be prescribed to treat both pneumonia and meningitis? Does the history of amoxicillin rash affect the antibiotic choice? Why or why not?\n\nThe penicillins share features of chemistry, mechanism of action, pharmacology, and immunologic characteristics with cephalosporins, monobactams, carbapenems, and β-lactamase inhibitors. All are β-lactam compounds, so named because of their four-membered lactam ring.', 'Case-Related Questions: Choose the ONE best answer.\n\nQ1. Which of the following statements about DNA repair mechanisms is correct? DNA repair:\n\nA. is performed only by eukaryotes.\n\nB. of double-strand breaks is error free.\n\nC. of mismatched bases involves repair of the parental strand.\n\nD. of UV radiation–induced pyrimidine dimers involves removal of a short oligonucleotide containing the dimer.\n\nE. of uracil produced by the deamination of cytosine requires the actions of endo-and exonucleases to remove the uracil base.\n\nQ2. Which one of the following statements about DNA synthesis (replication) is correct? Replication:\n\nA. in both eukaryotes and prokaryotes requires an RNA primer.\n\nB. in eukaryotes requires condensation of chromatin.\n\nC. in prokaryotes is accomplished by a single DNA polymerase.\n\nD. is initiated at random sites in the genome.\n\nE. produces a polymer of deoxyribonucleoside monophosphates linked by 5′→3′-phosphodiester bonds. . What is the difference between DNA proofreading and repair?\n\nCase 6: Dark Urine and Yellow Sclerae\n\nPatient Presentation: JF is a 13-year-old boy who presents with fatigue and yellow sclerae.\n\nFocused History: JF began treatment ~4 days ago with a sulfonamide antibiotic and a urinary analgesic for a urinary tract infection. He had been told that his urine would change color (become reddish) with the analgesic, but he reports that it has gotten darker (more brownish) over the last 2 days. Last night, his mother noticed that his eyes had a yellow tint. JF says he feels as though he has no energy.']",Omeprazole,Omeprazole,0.0,0.0,0.0,0.5880056815597641,0.75,golden_005,A,A,True,True
"A five-year-old female presents to the pediatrician for a well visit. The patient’s parents report that she recently entered kindergarten and her teacher expressed concern that the patient is not meeting developmental milestones. She struggles to name colors and has not expressed any interest in learning to read. The patient’s parents have also noticed that the patient is not completing tasks that her older siblings were doing by this age, including dressing herself independently and going to the bathroom by herself. The patient rolled over at 9 months, sat without support at 12 months, and walked at 20 months. Her parents also report that the patient is very social, and that adults frequently comment on her friendly personality. The patient is in the 15th percentile for weight and 5th percentile for height. On physical exam, the patient has a broad forehead, flat nasal bridge, long philtrum, and a wide mouth. She has a strabismus on neurological exam, and her cardiac exam is significant for a heart murmur. Laboratory testing is below:

Serum:
Na+: 145 mEq/L
K+: 3.9 mEq/L
Cl-: 100 mEq/L
HCO3-: 24 mEq/
Urea nitrogen: 11 mg/dL
Glucose: 76 mg/dL
Creatinine: 0.9 mg/dL
Ca2+: 11.9 mg/dL

Which of the following cardiac abnormalities is associated with this condition?","['Charles DeBattista, MD house and has no motivation, interest, or energy to pursue recreational activities that she once enjoyed such as hiking. She describes herself as “chronically miserable and worried all the time.” Her medical history is notable for chronic neck pain from a motor vehicle accident for which she is being treated with tramadol and meperidine. In addition, she is on hydrochlorothiazide and propranolol for hypertension. The patient has a history of one depressive episode after a divorce that was treated successfully with fluoxetine. Medical workup including complete blood cell count, thyroid func-tion tests, and a chemistry panel reveals no abnormalities. She is started on fluoxetine for a presumed major depressive episode and referred for cognitive behavioral psychotherapy. What CYP450 and pharmacodynamic interactions might be associated with fluoxetine use in this patient? Which class of antidepressants would be contraindicated in this patient? A 47-year-old woman presents to her primary care physician with a chief complaint of fatigue. She indicates that she was promoted to senior manager in her company approximately 11 months earlier. Although her promotion was welcome and came with a sizable raise in pay, it resulted in her having to move away from an office and group of colleagues she very much enjoyed. In addition, her level of responsibility increased dramatically. The patient reports that for the last 7 weeks, she has been waking up at 3 am every night and been unable to go back to sleep. She dreads the day and the stresses of the workplace. As a consequence, she is not eating as well as she might and has dropped 7% of her body weight in the last 3 months. She also reports being so stressed that she breaks down crying in the office occasionally and has been calling in sick frequently. When she comes home, she finds she is less motivated to attend to chores around the', 'Management Intense and lengthy psychotherapy is required to effect significant improvement in patients who have personality disorders (177). There is increasing evidence that expert, targeted therapeutic interventions can be successful and that the long-term prognosis is more hopeful than previously believed. The challenge in the gynecology setting is to minimize contention and drain on medical staff while maximizing the likelihood of effective diagnosis and treatment of the patient’s medical problems. The most helpful single step is the identification of the personality disorder. Diagnosis enables the gynecologist to recognize the reasons for a patient’s problem behaviors, to avoid becoming entangled in fruitless interactions with the patient, and to set appropriate limits.\n\nThere is increasing evidence that psychotropic medications are useful adjuncts in the treatment of personality disorders (179). Treatment should be provided in consultation with a psychiatrist. The patient’s ability to use the medication can be compromised by impulsivity, self-destructive tendencies, and unstable relationships. Low doses of major tranquilizers are sometimes helpful, especially when the patient has brief psychotic episodes. Minor tranquilizers or anxiolytics pose significant risk of overdose and physical and psychological habituation (179). They can be prescribed for temporary stresses, but only in a quantity sufficient for several days and with no refill allowed. Some patients’ anxiety, demands, and power struggles are eased when they are given control over their own use of medication. Such an approach requires enough familiarity with the patient to ensure her safety and should be managed by an expert. Because the patient with a personality disorder attributes her problems to others, her symptoms cannot be adduced as reasons for psychiatric referral, but her suffering can be. If a diagnosis of a personality disorder absolutely must be noted in the patient’s chart or on insurance forms, it is essential that she be so informed. It is useful to review the DSM-IV-TR criteria with her so that she understands the basis for the diagnosis (9). All psychiatric diagnoses, but particularly personality disorders, carry a significant stigma.', 'The plasma Na+ concentration on admission was 113 meq/L, with a creatinine of 2.35 (Table 64e-1). At hospital hour 7, the plasma Na+ concentration was 120 meq/L, potassium 5.4 meq/L, chloride 90 64e-5 meq/L, bicarbonate 22 meq/L, BUN 32 mg/dL, creatinine 2.02 mg/dL, glucose 89 mg/dL, total protein 5.0, and albumin 1.9. The hematocrit was 33.9, white count 7.6, and platelets 405. A morning cortisol was 19.5, with thyroid-stimulating hormone (TSH) of 1.7. The patient was treated with 1 μg of intravenous DDAVP, along with 75 mL/h of intravenous half-normal saline. After the plasma Na+ concentration dropped to 116 meq/L, intravenous fluid was switched to normal saline at the same infusion rate. The subsequent results are shown in Table 64e-1.\n\nThis patient presented with hypovolemic hyponatremia and a “prerenal” reduction in GFR, with an increase in serum creatinine. She had experienced diarrhea for some time and manifested an orthostatic tachycardia after a liter of normal saline. As expected for hypovolemic hyponatremia, the urine Na+ concentration was <20 meq/L in the absence of congestive heart failure or other causes of hypervolemic hyponatremia, and she responded to saline hydration with an increase in plasma Na+ concentration and a decrease in creatinine.', 'Therapeutic & Toxic Potential of Over-the-Counter Agents\n\nValerie B. Clinard, PharmD, & Robin L. Corelli, PharmD\n\nHer social history is significant for alcohol use (three to four glasses of wine/night). Her vital signs include the following: temperature 99.8°F, blood pressure 132/64 mm Hg, pulse 78 bpm, and respiratory rate 15/min. On physical examination, she had left upper abdominal tenderness with evidence of hepatomegaly and mild scleral icterus. Laboratory data revealed the following: alanine aminotransferase, 527 IU/L (normal 10–35 IU/L); aspartate aminotransferase, 425 IU/L (normal < 35 IU/L); and bilirubin, 2.9 mg/dL (normal 0.1–0.3 mg/dL). What medications do OTC cold and flu preparations typically contain? Which of the OTC medications might have contrib-uted to the patient’s current symptoms? KH, a 55-year-old woman, presents to the emergency department with nausea, vomiting, and complaints of new-onset flu symptoms over the past several days. Her past medical history is significant for allergic rhinitis and chronic lower back pain secondary to a work-related fall 2 years ago. Her current medications include Norco 5/325 (hydrocodone 5 mg/ acetaminophen 325 mg per tablet; two tablets four times daily for pain) and loratadine (10 mg daily). The patient also reported recent use of several over-the-counter (OTC) medications over the past 3 days to treat the new-onset flu symptoms, including Alka-Seltzer Plus Severe Cold + Flu (two tablets every 4 hours during the day) and Tylenol PM (two tablets at bedtime).', 'Captopril Generic,Capoten\n\nFosinopril Generic,Monopril\n\nMoexipril Generic,Univasc\n\nQuinapril Generic,Accupril\n\nCandesartan Generic,Atacand\n\nIrbesartan Generic,Avapro\n\nTreatment of Angina Pectoris\n\nBertram G. Katzung, MD, PhD*\n\nA 56-year-old woman presents in the office with a history of recent-onset chest discomfort when jogging or swimming vigorously. The pain is dull but poorly localized; it disap-pears after 5–10 minutes of rest. She has never smoked but has a history of hyperlipidemia (total cholesterol level of 245 mg/dL and low-density lipoprotein [LDL] of 160 mg/dL recorded 1 year ago) and admits that she has not been fol-lowing the recommended diet. Her father survived a “heart attack” at age 55, and an uncle died of some cardiac disease at age 60. On physical examination, the patient’s blood pressure is 145/90 mm Hg, and her heart rate is 80 bpm. She is in no acute distress, and there are no other significant physical findings; an electrocardiogram is normal except for slight left ventricular hypertrophy. Assuming that a diagno-sis of stable effort angina is correct, what medical treatment should be implemented?']",Supravalvular aortic stenosis,Supravalvular aortic stenosis,0.0,0.0,0.0,0.6595018331498185,0.875,golden_006,C,C,True,True
"A 10-year-old boy is brought in by his mother with increasing abdominal pain for the past week. The patient’s mother says he has been almost constantly nauseous over that time. She denies any change in his bowel habits, fever, chills, sick contacts or recent travel. The patient has no significant past medical history and takes no medications. The patient is at the 90th percentile for height and weight and has been meeting all developmental milestones. The temperature is 36.8℃ (98.2℉). On physical examination, the patient’s abdomen is asymmetrically distended. Bowel sounds are normoactive. No lymphadenopathy is noted. A cardiopulmonary examination is unremarkable. Palpation of the right flank and right iliac fossa reveals a 10 × 10 cm firm mass which is immobile and tender. The laboratory findings are significant for the following: 
Hemoglobin 10 g/dL
Mean corpuscular volume 88 μm3
Leukocyte count 8,000/mm3
Platelet count 150,000/mm3
    Serum creatinine 1.1 mg/dL
Serum lactate dehydrogenase (LDH) 1,000 U/L
An ultrasound-guided needle biopsy of the flank mass was performed, and the histopathologic findings are shown in the exhibit (see image). Which of the following is the most likely diagnosis in this patient?","['Q3. Why is urinary urobilinogen increased relative to normal in hemolytic jaundice and absent in obstructive jaundice?\n\nCase 7: Joint Pain\n\nPatient Presentation: IR is a 22-year-old male who presents for follow-up 10 days after having been treated in the Emergency Department (ED) for severe inflammation at the base of his thumb.\n\nFocused History: This was IR’s first occurrence of severe joint pain. In the ED, he was given an anti-inflammatory medication. Fluid aspirated from the carpometacarpal joint of the thumb was negative for organisms but positive for needle-shaped monosodium urate (MSU) crystals (see image at right). The inflammatory symptoms have since resolved. IR reports he is in good health otherwise, with no significant past medical history. His body mass index (BMI) is 31. No tophi (deposits of MSU crystals under the skin) were detected in the physical examination.\n\nPertinent Findings: Results on a 24-hour urine specimen and blood tests requested in advance of this visit reveal that IR is not an undersecretor of uric acid. His blood urate was 8.5 mg/dl (reference = 2.5–8.0). The unusually young age of presentation is suggestive of an enzymopathy of purine metabolism, and additional blood tests are ordered.\n\nDiagnosis: IR has gout (MSU crystal deposition disease), a type of inflammatory arthritis.\n\nTreatment: IR was given prescriptions for allopurinol and colchicine. The treatment goals are to reduce his blood urate levels to <6.0 mg/dl and prevent additional attacks. He was advised to lose weight because being overweight or obese is a risk factor for gout. His BMI of 31 puts him in the obese category. He was also given written information on the association between diet and gout.', 'TQ4. One of the reasons for encouraging smoking cessation and exercise for BJ is that these changes raise the level of HDL, and elevated HDL reduces the risk for CHD. How does a rise in HDL reduce the risk for CHD?\n\nCase 2: Severe Fasting Hypoglycemia\n\nPatient Presentation: JS is a 4-month-old boy whose mother is concerned about the “twitching” movements he makes just before feedings. She tells the pediatrician that the movements started ~1 week ago, are most apparent in the morning, and disappear shortly after eating.\n\nFocused History: JS is the product of a normal pregnancy and delivery. He appeared normal at birth. On his growth charts, he has been at the 30th percentile for both weight and length since birth. His immunizations are up to date. JS last ate a few hours ago.\n\nPhysical Examination (Pertinent Findings): JS appears sleepy and feels clammy to the touch. His respiratory rate is elevated. His temperature is normal. JS has a protuberant, firm abdomen that appears to be nontender. His liver is palpable 4 cm below the right costal margin and is smooth. His kidneys are enlarged and symmetrical.\n\nPertinent Test Results:\n\nH = High; L = Low.', 'A low-grade fever is characteristically present, but shaking chills or rigors are not uncommon. The RUQ of the abdomen is almost invariably tender to palpation. An enlarged, tense gallbladder is palpable in 25–50% of patients. Deep inspiration or cough during subcostal palpation of the RUQ usually produces increased pain and inspiratory arrest (Murphy’s sign). Localized rebound tenderness in the RUQ is common, as are abdominal distention and hypoactive bowel sounds from paralytic ileus, but generalized peritoneal signs and abdominal rigidity are usually lacking, in the absence of perforation.\n\nThe diagnosis of acute cholecystitis is usually made on the basis of a characteristic history and physical examination. The triad of sudden onset of RUQ tenderness, fever, and leukocytosis is highly suggestive. Typically, leukocytosis in the range of 10,000–15,000 cells per microliter with a left shift on differential count is found. The serum bilirubin is mildly elevated (<85.5 μmol/L [5 mg/dL]) in fewer than half of patients, whereas about one-fourth have modest elevations in serum aminotransferases (usually less than a fivefold elevation). Ultrasound will demonstrate calculi in 90–95% of cases and is useful for detection of signs of gallbladder inflammation including thickening of the wall, pericholecystic fluid, and dilatation of the bile duct. The radionuclide (e.g., HIDA) biliary scan may be confirmatory if bile duct imaging is seen without visualization of the gallbladder.', 'Philip J. Rosenthal, MD\n\nA 5-year-old American girl presents with a 1-week history of intermittent chills, fever, and sweats. She had returned home 2 weeks earlier after leaving the USA for the first time to spend 3 weeks with her grandparents in Nigeria. She received all standard childhood immunizations, but no additional treat-ment before travel, since her parents have returned to their native Nigeria frequently without medical consequences. Three days ago, the child was seen in an outpatient clinic and diagnosed with a viral syndrome. Examination reveals a lethargic child, with a temperature of 39.8°C (103.6°F) and splenomegaly. She has no skin rash or lymphadenopathy. Ini-tial laboratory studies are remarkable for hematocrit 29.8%, platelets 45,000/mm3, creatinine 2.5 mg/dL (220 μmol/L), and mildly elevated bilirubin and transaminases. A blood smear shows ring forms of Plasmodium falciparum at 1.5% parasit-emia. What treatment should be started?\n\nMalaria is the most important parasitic disease of humans and causes hundreds of millions of illnesses per year. Four species of plasmodium typically cause human malaria: Plasmodium falciparum, P vivax, P malariae, and P ovale. A fifth species, P knowlesi, is primarily a pathogen of monkeys but has recently been recognized to cause illness, including severe disease, in humans in Asia. Although all of the latter species may cause significant illness, P falciparum is responsible for the majority of serious complications and deaths. Drug resistance is an important therapeutic problem, most notably with P falciparum.', 'Case 1: Chest Pain\n\nPatient Presentation: BJ, a 35-year-old man with severe substernal chest pain of ~2 hours’ duration, is brought by ambulance to his local hospital at 5 AM. The pain is accompanied by dyspnea (shortness of breath), diaphoresis (sweating), and nausea.\n\nFocused History: BJ reports episodes of exertional chest pain in the last few months, but they were less severe and of short duration. He smokes (2–3 packs per day), drinks alcohol only rarely, eats a “typical” diet, and walks with his wife most weekends. His blood pressure has been normal. Family history reveals that his father and paternal aunt died of heart disease at age 45 and 39 years, respectively. His mother and younger (age 31 years) brother are said to be in good health.\n\nPhysical Examination (Pertinent Findings): BJ is pale and clammy and is in distress due to chest pain. Blood pressure and respiratory rate are elevated. Lipid deposits are noted on the periphery of his corneas (corneal arcus; see left image) and under the skin on and around his eyelids (xanthelasmas; see right image). No deposits on his tendons (xanthomas) are detected.\n\nPertinent Test Results: BJ’s electrocardiogram is consistent with a myocardial infarction (MI). Angiography reveals areas of severe stenosis (narrowing) of several coronary arteries. Initial results from the clinical laboratory include the following:\n\nH = High; L = Low. [Note: BJ had not eaten for ~8 hours prior to the blood draw.]']",Burkitt lymphoma,Burkitt lymphoma,0.0,0.0,0.0,0.5518803736773882,0.875,golden_007,A,A,True,True
"A 45-year-old man with HIV comes to the physician because of multiple lesions on his chest and lower extremities. The lesions have progressively increased in size and are not painful or pruritic. Current medications include abacavir, dolutegravir, and lamivudine. A photograph of the lesions is shown. His CD4+ T-lymphocyte count is 450/mm3 (normal ≥ 500/mm3). A skin biopsy shows multiple spindle-shaped cells and lymphocytic infiltrate. Which of the following is the most appropriate pharmacotherapy?","['Seborrheic dermatitis occurs in 3% of the general population and in up to 50% of patients with HIV infection. Seborrheic dermatitis increases in prevalence and severity as the CD4+ T cell count declines. In HIV-infected patients, seborrheic dermatitis may be aggravated by concomitant infection with Pityrosporum, a yeastlike fungus; use of topical antifungal agents has been recommended in cases refractory to standard topical treatment.\n\nFolliculitis is among the most prevalent dermatologic disorders in patients with HIV infection and is seen in ~20% of patients. It is more common in patients with CD4+ T cell counts <200 cells/μL. Pruritic papular eruption is one of the most common pruritic rashes in patients with HIV infection. It appears as multiple papules on the face, trunk, and extensor surfaces and may improve with cART. Eosinophilic pustular folliculitis is a rare form of folliculitis that is seen with increased frequency in patients with HIV infection. It presents as multiple, urticarial perifollicular papules that may coalesce into plaquelike lesions. Skin biopsy reveals an eosinophilic infiltrate of the hair follicle, which in certain cases has been associated with the presence of a mite. Patients typically have an elevated serum IgE level and may respond to treatment with topical anthelmintics. Pruritus is a common symptom in patients with HIV infection and can lead to prurigo nodularis. Patients with HIV infection have also been reported to develop a severe form of Norwegian scabies with hyperkeratotic psoriasiform lesions.', 'This entity, the most fulminant form of demyelinating disease, almost certainly represents the severe end of the spectrum of ADEM. It affects mainly young adults and children. It is usually preceded by a respiratory infection of variable duration (1 to 14 days), sometimes caused by M. pneumoniae, but more often it follows a mundane infection or is of indeterminate cause. The neurologic symptoms appear abruptly, beginning with headache, fever, stiff neck, and confusion. These are followed in short order by signs of disease of one or both cerebral hemispheres and brainstem—focal seizures, hemiplegia or quadriplegia, pseudobulbar paralysis, and progressively deepening coma. Peripheral leukocytosis is usually present, sometimes reaching 30,000 cells/mm3, and the sedimentation rate is elevated. The CSF is often under increased pressure; cells vary in number from a few lymphocytes to a polymorphonuclear pleocytosis of up to 3,000 cells/mm3; red cells may be present in variable numbers; protein content is increased, but glucose values are normal. Diagnosis is greatly facilitated by CT scanning and MRI, which reveal bilateral but asymmetrical large, confluent, edematous lesions in the cerebral white matter with a myriad of punctate hemorrhages in gray and white matter (Fig. 35-5). The size of the lesions, their hemorrhagic character, and the extent of the surrounding edema distinguish them from the typical postinfectious ADEM. In many other ways they are similar, except for their severity. Many cases terminate fatally in 2 to 4 days, but in others, survival is longer. Patients with a similar clinical picture who are thought to have the same disease on the basis of brain biopsy examinations have recovered with almost no residual symptoms', 'Camille E. Beauduy, PharmD, & Lisa G. Winston, MD*\n\nA 45-year-old man is brought to the local hospital emer-gency department by ambulance. His wife reports that he had been in his normal state of health until 3 days ago when he developed a fever and a productive cough. Dur-ing the last 24 hours he has complained of a headache and is increasingly confused. His wife reports that his medical history is significant only for hypertension, for which he takes hydrochlorothiazide and lisinopril, and that he is allergic to amoxicillin. She says that he developed a rash many years ago when prescribed amoxicillin for bron-chitis. In the emergency department, the man is febrile (38.7°C [101.7°F]), hypotensive (90/54 mmHg), tachypneic (36/min), and tachycardic (110/min). He has no signs of meningismus but is oriented only to person. A stat chest x-ray shows a left lower lung consolidation consistent with pneumonia. A CT scan is not concerning for lesions or elevated intracranial pressure. The plan is to start empiric antibiotics and perform a lumbar puncture to rule out bacterial meningitis. What antibiotic regimen should be prescribed to treat both pneumonia and meningitis? Does the history of amoxicillin rash affect the antibiotic choice? Why or why not?\n\nThe penicillins share features of chemistry, mechanism of action, pharmacology, and immunologic characteristics with cephalosporins, monobactams, carbapenems, and β-lactamase inhibitors. All are β-lactam compounds, so named because of their four-membered lactam ring.', '. Acute viral hepatitis is a contraindication to a kidney transplant; however, chronic viral hepatitis (most com-monly caused by hepatitis B [HBV] or C [HCV]) does not pre-clude a recipient from undergoing a kidney transplant. In such candidates, obtaining a liver biopsy is essential to assess the disease severity. Recipients infected with HBV should undergo antiviral treatment (e.g., lamivudine) to prevent reactivation and progression of liver disease. Note that HBV is a noncytopathic virus; the liver damage is the result of an immune-mediated process.77 Moreover, the presence of normal liver enzymes in patients with HBV antigenemia does not predict the severity of parenchymal damage.Transplant candidates with chronic HCV infection often have HCV-related glomerulonephritis. As with HBV infection, the clinical presentation and biochemical findings with HCV infection are often unreliable in predicting liver damage. In such patients who also exhibit evidence of cirrhosis, a combined liver-kidney transplant should be considered. In appropriate candidates, pretransplant antiviral treatment with interferon-α may be considered. However, after a kidney transplant, inter-feron treatment is not recommended because it is an immunos-timulant, and thus HIV may precipitate graft rejection.Thanks to the excellent outcomes of highly active anti-retroviral therapy (HAART), infection with HIV is no longer considered a contraindication to a kidney transplant. Kidney transplant candidates with HIV must have an undetectable HIV viral load and a CD4 lymphocyte count greater than 200/mm3; in addition, they must not have developed any opportunistic infection in the previous year.78Latent viral infections such as CMV and EBV are of par-ticular interest in the field of transplantation, given the risks of reactivation posttransplant and their detrimental effects on graft and patient survival', 'Meningovascular lesions, presenting as small deep strokes in an identical manner to meningovascular syphilis, may be superimposed on the clinical picture. A pure motor hemiplegia, like that caused by a hypertensive lacune, has been the most common type of stroke in our experience.\n\nThe course of the disease is quite variable. It may be fatal within a few weeks if untreated. More often, it is steadily progressive over a period of several weeks or months; in a few patients, it may be remarkably indolent, lasting for years, during which there may be periods of clinical improvement and normalization of the CSF. Lymphoma, Hodgkin disease, leukemia, carcinoma, tuberculosis, and other debilitating diseases that alter the immune responses are predisposing factors in as many as half the patients. As already emphasized, patients with HIV are particularly vulnerable to cryptococcal infection; estimates are that 6 to 12 percent of HIV patients are subject to meningoencephalitis with the organism.\n\nThe spinal fluid shows a variable lymphocytic pleocytosis, usually fewer than 50 cells/mm3, but there may be few or no cells in a patient with HIV (two-thirds have 5 or fewer cells/mm3). The initial CSF formula may display polymorphonuclear cells but it rapidly changes to a lymphocytic predominance. The glucose is reduced in three-fourths of cases (again, it may be normal in HIV patients) and the protein may reach high levels.']",Amphotericin B,Alpha-interferon,0.0,0.0,0.0,0.606842415903819,0.6050546639694686,golden_008,D,C,False,True
"A two-month-old female presents to the emergency department for difficulty feeding. The patient was born at 38 weeks gestation to a 29-year-old primigravid via vaginal delivery. The newborn period has thus far been uncomplicated. The patient has been exclusively breastfed since birth. Her parents report that feeding had previously seemed to be going well, and the patient has been gaining weight appropriately. Over the past several days, the patient’s mother has noticed that the patient seems to tire out before the end of the feeding. She has also noticed that the patient begins to appear short of breath and has a bluish discoloration of her lips. The patient’s height and weight were in the 20th and 10th percentile at birth, respectively. Her current height and weight are in the 20th and 15th percentiles, respectively. Her temperature is 98.0°F (36.7°C), blood pressure is 60/48 mmHg, pulse is 143/min, and respirations are 40/min. On physical exam, the patient is in no acute distress and appears well developed. A systolic crescendo-decrescendo murmur can be heard at the left upper sternal border. Her abdomen is soft, non-tender, and non-distended. During the abdominal exam, the patient begins crying and develops cyanosis of the perioral region.

Which of the following is the best initial test to diagnose this patient’s condition?","['Choose the ONE best answer. For Questions 26.1 and 26.2, use the following scenario.\n\nA 40-year-old woman, 5 ft, 1 in (155 cm) tall and weighing 188 lb (85.5 kg), seeks your advice on how to lose weight. Her waist measured 41 in and her hips 39 in. The remainder of the physical examination and the blood laboratory data were all within the normal range. Her only child (who is age 14 years), her sister, and both of her parents are overweight. The patient recalls being overweight throughout her childhood and adolescence. Over the past 15 years, she had been on seven different diets for periods of 2 weeks to 3 months, losing from 5 to 25 lb each time. On discontinuation of the diets, she regained weight, returning to 185–190 lb.\n\n6.1. Calculate and interpret the body mass index for the patient.\n\nBody mass index (BMI) = weight in kg/(height in m)2 = 85.5/1.552 = 35.6. Because her BMI is >30, the patient is classified as obese.\n\n6.2. Which one of the following statements best describes the patient?\n\nA. She has approximately the same number of adipocytes as an individual of normal weight, but each adipocyte is larger.\n\nB. She shows an apple pattern of fat distribution.\n\nC. She would be expected to show higher-than-normal levels of adiponectin.\n\nD. She would be expected to show lower-than-normal levels of circulating leptin.\n\nE. She would be expected to show lower-than-normal levels of circulating triacylglycerols.', 'Physical Examination A thorough gynecologic physical examination is typically performed at the time of the initial visit, on a yearly basis, and as needed throughout the course of treatment (Table 1.6). The extent of the physical examination during the gynecologic visit is often dictated by the patient’s primary concerns and symptoms. For example, for healthy teens without symptoms who are requesting oral contraceptives before the initiation of intercourse, a gynecologic examination is not necessarily required. Some aspects of the examination—such as assessment of vital signs and measurement of height, weight, blood pressure, and calculation of a body mass index— should be performed routinely during most office visits. Typically, examination of the breasts and abdomen and a complete examination of the pelvis are considered to be essential parts of the gynecologic examination. It is often helpful to ask the patient if the gynecologic examination was difficult for her in the past; this may be true for women with a history of sexual abuse. For women who are undergoing their first gynecologic examination, it may be useful to ask what they have heard about the gynecologic examination or to state: “Most women are nervous before their first exam, but afterward, most describe it as ‘uncomfortable.’”\n\nAbdominal Examination With the patient in the supine position, an attempt should be made to have her relax as much as possible. Her head should be leaned back and supported gently by a pillow so that she does not tense her abdominal muscles. Flexion of the knees may facilitate relaxation.', 'Charles DeBattista, MD house and has no motivation, interest, or energy to pursue recreational activities that she once enjoyed such as hiking. She describes herself as “chronically miserable and worried all the time.” Her medical history is notable for chronic neck pain from a motor vehicle accident for which she is being treated with tramadol and meperidine. In addition, she is on hydrochlorothiazide and propranolol for hypertension. The patient has a history of one depressive episode after a divorce that was treated successfully with fluoxetine. Medical workup including complete blood cell count, thyroid func-tion tests, and a chemistry panel reveals no abnormalities. She is started on fluoxetine for a presumed major depressive episode and referred for cognitive behavioral psychotherapy. What CYP450 and pharmacodynamic interactions might be associated with fluoxetine use in this patient? Which class of antidepressants would be contraindicated in this patient? A 47-year-old woman presents to her primary care physician with a chief complaint of fatigue. She indicates that she was promoted to senior manager in her company approximately 11 months earlier. Although her promotion was welcome and came with a sizable raise in pay, it resulted in her having to move away from an office and group of colleagues she very much enjoyed. In addition, her level of responsibility increased dramatically. The patient reports that for the last 7 weeks, she has been waking up at 3 am every night and been unable to go back to sleep. She dreads the day and the stresses of the workplace. As a consequence, she is not eating as well as she might and has dropped 7% of her body weight in the last 3 months. She also reports being so stressed that she breaks down crying in the office occasionally and has been calling in sick frequently. When she comes home, she finds she is less motivated to attend to chores around the', 'he systolic and diastolic blood pressure levels of 140/90 mm Hg have been arbitrarily used since the 1950s to define ""hypertension"" in nonpregnant individuals. However, these levels were selected by insurance companies to characterize a group of middle-aged men. It seems more realistic to deine normalrange blood pressures that fall between an upper and lower limit for a particular population-such as young, healthy, pregnant women. A schematic example using arbitrary mean arterial blood pressure readings is shown in Figure 40-1. Data curves for both women show blood pressure measurements near the ...Patient A ...Patient B )..:J,\n\nC,\n\nFIGURE 40-1 Schematic shows normal reference ranges for mean arterial blood pressure changes across pregnancy. Patient A (blue) has mean blood pressures near the 20th percentile throughout pregnancy. Patient B (red) has a similar pattern with mean pressures at the 25th percentile until approximately 36 weeks when her blood pressure begins to rise. By term, it is substantively higher and in the 75th percentile, but she is still considered ""normotensive."" 25th percentile until 32 weeks. These begin to rise in patient B, who by term has substantively higher blood pressures. However, her pressures are still < 140/90 mm Hg, and thus she is considered to be ""normotensive."" We use the term delta hypertension to describe this rather acute rise in blood pressure. Some of these women will go on to have obvious preeclampsia, and some even develop eclamptic seizures or HELLP (hemolysis, devatedliver enzyme levels, low 2latelet count) syndrome while still normotensive.', 'The patient gave no history of these disorders.\n\nUpon further questioning, however, the patient revealed that her last menstrual period was 6 weeks before this examination. The senior physician realized that a potential cause of the abdominal pain was a pregnancy outside the uterus (ectopic pregnancy). The patient was rushed for an abdominal ultrasound, which revealed no fetus or sac in the uterus. She was also noted to have a positive pregnancy test. The patient underwent surgery and was found to have a ruptured fallopian tube caused by an ectopic pregnancy.\n\nWhenever a patient has apparent pelvic pain, it is important to consider the gender-related anatomical differences. Ectopic pregnancy should always be considered in women of childbearing age.\n\nA 35-year-old woman visited her family practitioner because she had a “bloating” feeling and an increase in abdominal girth. The family practitioner examined the lower abdomen, which revealed a mass that extended from the superior pubic rami to the level of the umbilicus. The superior margin of the mass was easily palpated, but the inferior margin appeared to be less well defined.\n\nThis patient has a pelvic mass.\n\nWhen examining a patient in the supine position, the observer should uncover the whole of the abdomen.\n\nInspection revealed a bulge in the lower abdomen to the level of the umbilicus. Palpation revealed a hard and slightly irregular mass with well-defined superior and lateral borders and a less well-defined inferior border, giving the impression that the mass continued into the pelvis. The lesion was dull to percussion. Auscultation did not reveal any abnormal sounds.\n\nThe doctor pondered which structures this mass may be arising from. When examining the pelvis, it is important to remember the sex differences. Common to both men and women are the rectum, bowel, bladder, and musculature. Certain pathological states are also common to both sexes, including the development of pelvic abscesses and fluid collections.']",Echocardiogram,Echocardiogram,0.0,0.0,0.0,0.5959690950607827,1.0,golden_009,D,D,True,True
"A 35-year-old female presents to the emergency room complaining of diarrhea and dehydration. She has been experiencing severe watery diarrhea for the past 3 days. She reports that she has been unable to leave the bathroom for more than a few minutes at a time. She noticed earlier today that there was some blood on her toilet paper after wiping. She recently returned from a volunteer trip to Yemen where she worked at an orphanage. Her past medical history is notable for psoriasis for which she takes sulfasalazine. The patient drinks socially and does not smoke. Her temperature is 99°F (37.2°C), blood pressure is 100/55 mmHg, pulse is 130/min, and respirations are 20/min. Mucus membranes are dry. Her eyes appear sunken. Capillary refill is 4 seconds. The patient is started on intravenous fluid resuscitation. Which of the following processes is capable of transmitting the genetic material for the toxin responsible for this patient’s condition?","['Charles DeBattista, MD house and has no motivation, interest, or energy to pursue recreational activities that she once enjoyed such as hiking. She describes herself as “chronically miserable and worried all the time.” Her medical history is notable for chronic neck pain from a motor vehicle accident for which she is being treated with tramadol and meperidine. In addition, she is on hydrochlorothiazide and propranolol for hypertension. The patient has a history of one depressive episode after a divorce that was treated successfully with fluoxetine. Medical workup including complete blood cell count, thyroid func-tion tests, and a chemistry panel reveals no abnormalities. She is started on fluoxetine for a presumed major depressive episode and referred for cognitive behavioral psychotherapy. What CYP450 and pharmacodynamic interactions might be associated with fluoxetine use in this patient? Which class of antidepressants would be contraindicated in this patient? A 47-year-old woman presents to her primary care physician with a chief complaint of fatigue. She indicates that she was promoted to senior manager in her company approximately 11 months earlier. Although her promotion was welcome and came with a sizable raise in pay, it resulted in her having to move away from an office and group of colleagues she very much enjoyed. In addition, her level of responsibility increased dramatically. The patient reports that for the last 7 weeks, she has been waking up at 3 am every night and been unable to go back to sleep. She dreads the day and the stresses of the workplace. As a consequence, she is not eating as well as she might and has dropped 7% of her body weight in the last 3 months. She also reports being so stressed that she breaks down crying in the office occasionally and has been calling in sick frequently. When she comes home, she finds she is less motivated to attend to chores around the', 'CHAPTER 46 Sulfonamides,\n\nTrimethoprim, & Quinolones\n\nCamille E. Beauduy, PharmD, & Lisa G. Winston, MD*\n\nA 59-year-old woman presents to an urgent care clinic with a 4-day history of frequent and painful urination. She has had fevers, chills, and flank pain for the past 2 days. Her physician advised her to come immediately to the clinic for evaluation. In the clinic she is febrile (38.5°C [101.3°F]) but otherwise stable and states she is not experiencing any nausea or vomiting. Her urine dipstick test is positive for leukocyte esterase. Urinalysis and urine culture are ordered. Her past medical history is significant for three urinary tract infections in the past year. Each episode was uncom-plicated, treated with trimethoprim-sulfamethoxazole, and promptly resolved. She also has osteoporosis for which she takes a daily calcium supplement. The decision is made to treat her with oral antibiotics for a complicated urinary tract infection with close follow-up. Given her history, what would be a reasonable empiric antibiotic choice? Depending on the antibiotic choice are there potential drug interactions?\n\nThe basic formulas of the sulfonamides and their structural similarity to p-aminobenzoic acid (PABA) are shown in Figure 46–1. Sulfonamides with varying physical, chemical, pharmacologic, and antibacterial properties are produced by attaching substituents to the amido group ( ⎯ SO2 ⎯ NH ⎯ R) or the amino group ( ⎯ NH2) of the sulfanilamide nucleus. Sulfonamides tend to be much more soluble at alkaline than at acid pH. Most can be prepared as sodium salts, which are used for intravenous administration.', '3.2. In which one of the following tissues is glucose transport into the cell insulin dependent?\n\nA. Adipose\n\nB. Brain\n\nC. Liver\n\nD. Red blood cells\n\nCorrect answer = A. The glucose transporter (GLUT-4) in adipose (and muscle) tissue is dependent on insulin. Insulin results in movement of GLUT-4 from intracellular vesicles to the cell membrane. The other tissues in the list contain GLUT that are independent of insulin because they are always located on the cell membrane.\n\n3.3. A 39-year-old woman is brought to the emergency room complaining of weakness and dizziness. She recalls getting up early that morning to do her weekly errands and had skipped breakfast. She drank a cup of coffee for lunch and had nothing to eat during the day. She met with friends at 8 p.m.\n\nand had a few drinks. As the evening progressed, she soon became weak and dizzy and was taken to the hospital. Laboratory tests revealed her blood glucose to be 45 mg/dl (normal = 70–99). She was given orange juice and immediately felt better. The biochemical basis of her alcohol-induced hypoglycemia is an increase in:\n\nA. fatty acid oxidation.\n\nB. the ratio of the reduced oxidized forms of nicotinamide adenine dinucleotide.\n\nC. oxaloacetate and pyruvate.\n\nD. use of acetyl coenzyme A in fatty acid synthesis.', 'Paige JS, Jaffrey, SR: Pharmacologic manipulation of nitric oxide signaling: Targeting NOS dimerization and protein-protein interactions. Curr Topics Med Chem 2007;7:97.\n\nWimalawansa SJ: Nitric oxide: New evidence for novel therapeutic indications. Expert Opin Pharmacother 2008;9:1935.\n\nJoshua M. Galanter, MD, & Homer A. Boushey, MD and respirations are 32/min. Her mother states that she has used her albuterol inhaler several times a day for the past 3 days and twice during the previous night. She took an additional two puffs on her way to the emergency department, but her mother states that “the inhaler didn’t seem to be helping so I told her not to take any more.” What emergency measures are indicated? How should her long-term management be altered? A 14-year-old girl with a history of asthma requiring daily inhaled corticosteroid therapy and allergies to house dust mites, cats, grasses, and ragweed presents to the emergency department in mid-September, reporting a recent “cold” com-plicated by worsening shortness of breath and audible inspi-ratory and expiratory wheezing. She appears frightened and refuses to lie down but is not cyanotic. Her pulse is 120 bpm,', 'Betty J. Dong, PharmD, FASHP, FCCP, FAPHA\n\nJP is a 33-year-old woman who presents with complaints of fatigue requiring daytime naps, weight gain, cold intoler-ance, and muscle weakness for the last few months. These complaints are new since she used to always feel “hot,” noted difficulty sleeping, and could eat anything that she wanted without gaining weight. She also would like to become preg-nant in the near future. Because of poor medication adherence to methimazole and propranolol, she received radioactive iodine (RAI) therapy, developed hypothyroidism, and was started on levothyroxine 100 mcg daily. Other medications include calcium carbonate three times daily to “protect her bones” and omeprazole for “heartburn.” On physical exami-nation, her blood pressure is 130/89 mm Hg with a pulse of 50 bpm. Her weight is 136 lb (61.8 kg), an increase of 10 lb (4.5 kg) in the last year. Her thyroid gland is not palpable and her reflexes are delayed. Laboratory findings include a thyroid-stimulating hormone (TSH) level of 24.9 μIU/mL (normal 0.45–4.12 μIU/mL) and a free thyroxine level of 8 pmol/L (normal 10–18 pmol/L). Evaluate the management of her past history of hyperthyroidism and assess her current thyroid status. Identify your treatment recommendations to maximize control of her current thyroid status.']",Transduction,Transduction,0.0,0.0,0.0,0.601453594026976,1.0,golden_010,C,C,True,True
"A 19-year-old woman presents to her gynecologist’s office stating that she has never had a period. She is slightly alarmed because most of her friends in college have been menstruating for years. She is also concerned about her short stature. When she previously visited her family physician during early puberty, she was told that she will gain the appropriate height during her final teenage years. However, over the past few years, she has gained only a couple of inches. On examination, she has a wide chest and short neck. Her breast development is at Tanner stage 1. Her external genitalia is normal with sparse hair distribution over the mons pubis. Her gynecologist suspects a genetic condition and sends her for genetic counseling. Based on her clinical findings, which of the following diseases is she most likely to develop?","['Charles DeBattista, MD house and has no motivation, interest, or energy to pursue recreational activities that she once enjoyed such as hiking. She describes herself as “chronically miserable and worried all the time.” Her medical history is notable for chronic neck pain from a motor vehicle accident for which she is being treated with tramadol and meperidine. In addition, she is on hydrochlorothiazide and propranolol for hypertension. The patient has a history of one depressive episode after a divorce that was treated successfully with fluoxetine. Medical workup including complete blood cell count, thyroid func-tion tests, and a chemistry panel reveals no abnormalities. She is started on fluoxetine for a presumed major depressive episode and referred for cognitive behavioral psychotherapy. What CYP450 and pharmacodynamic interactions might be associated with fluoxetine use in this patient? Which class of antidepressants would be contraindicated in this patient? A 47-year-old woman presents to her primary care physician with a chief complaint of fatigue. She indicates that she was promoted to senior manager in her company approximately 11 months earlier. Although her promotion was welcome and came with a sizable raise in pay, it resulted in her having to move away from an office and group of colleagues she very much enjoyed. In addition, her level of responsibility increased dramatically. The patient reports that for the last 7 weeks, she has been waking up at 3 am every night and been unable to go back to sleep. She dreads the day and the stresses of the workplace. As a consequence, she is not eating as well as she might and has dropped 7% of her body weight in the last 3 months. She also reports being so stressed that she breaks down crying in the office occasionally and has been calling in sick frequently. When she comes home, she finds she is less motivated to attend to chores around the', 'Choose the ONE best answer. For Questions 26.1 and 26.2, use the following scenario.\n\nA 40-year-old woman, 5 ft, 1 in (155 cm) tall and weighing 188 lb (85.5 kg), seeks your advice on how to lose weight. Her waist measured 41 in and her hips 39 in. The remainder of the physical examination and the blood laboratory data were all within the normal range. Her only child (who is age 14 years), her sister, and both of her parents are overweight. The patient recalls being overweight throughout her childhood and adolescence. Over the past 15 years, she had been on seven different diets for periods of 2 weeks to 3 months, losing from 5 to 25 lb each time. On discontinuation of the diets, she regained weight, returning to 185–190 lb.\n\n6.1. Calculate and interpret the body mass index for the patient.\n\nBody mass index (BMI) = weight in kg/(height in m)2 = 85.5/1.552 = 35.6. Because her BMI is >30, the patient is classified as obese.\n\n6.2. Which one of the following statements best describes the patient?\n\nA. She has approximately the same number of adipocytes as an individual of normal weight, but each adipocyte is larger.\n\nB. She shows an apple pattern of fat distribution.\n\nC. She would be expected to show higher-than-normal levels of adiponectin.\n\nD. She would be expected to show lower-than-normal levels of circulating leptin.\n\nE. She would be expected to show lower-than-normal levels of circulating triacylglycerols.', 'Introduction to Autonomic Pharmacology\n\nBertram G. Katzung, MD, PhD\n\nA 56-year-old woman is brought to the university eye center with a complaint of “loss of vision.” Because of visual impair-ment, she has lost her driver’s license and has fallen several times in her home. Examination reveals that her eyelids close involuntarily with a frequency and duration sufficient to pre-vent her from seeing her surroundings for more than brief moments at a time. When she holds her eyelids open with her fingers, she can see normally. She has no other muscle dysfunction. A diagnosis of blepharospasm is made. Using a fine needle, several injections of botulinum toxin type A are made in the orbicularis oculi muscle of each eyelid. After observation in the waiting area, she is sent home. Two days later, she reports by telephone that her vision has improved dramatically. How did botulinum toxin improve her vision? How long can her vision be expected to remain normal after this single treatment?', 'Drugs Used in the Treatment of Gastrointestinal Diseases\n\nKenneth R. McQuaid, MD\n\nA 21-year-old woman comes with her parents to discuss therapeutic options for her Crohn’s disease. She was diag-nosed with Crohn’s disease 2 years ago, and it involves her terminal ileum and proximal colon, as confirmed by colonoscopy and small bowel radiography. She was initially treated with mesalamine and budesonide with good response, but over the last 2 months, she has had a relapse of her symptoms. She is experiencing fatigue, cramping, abdominal pains, and nonbloody diarrhea up to 10 times daily, and she has had a 15-lb weight loss. She has no other significant medical or surgical his-tory. Her current medications are mesalamine 2.4 g/d and budesonide 9 mg/d. She appears thin and tired. Abdominal examination reveals tenderness without guarding in the right lower quadrant; no masses are palpable. On perianal examination, there is no tenderness, fissure, or fistula. Her laboratory data are notable for anemia and elevated C-reactive protein. What are the options for immediate con-trol of her symptoms and disease? What are the long-term management options?\n\nMany of the drug groups discussed elsewhere in this book have important applications in the treatment of diseases of the gastrointestinal tract and other organs. Other groups are used almost exclusively for their effects on the gut; these are discussed in the following text according to their therapeutic uses.', 'Cathi E. Dennehy, PharmD, & Candy Tsourounis, PharmD\n\nA 53-year-old woman with a history of knee osteoarthritis, high cholesterol, type 2 diabetes, and hypertension presents with new onset of hot flashes and a question about a dietary supplement. She is obese (body mass index [BMI] 33), does not exercise, and spends a good portion of her work day in a seated position. She eats a low-sugar diet and regularly eats packaged frozen meals for dinner because she doesn’t have time to cook regularly. Her most recent laboratory values include a low-density lipoprotein (LDL) cholesterol that is above goal at 160 mg/dL (goal < 100 mg/dL) and a hemo-globin A1c that is well controlled at 6%. Her blood pressure is high at 160/100 mm Hg. Her prescription medications include simvastatin, metformin, and benazepril. She also takes over-the-counter ibuprofen for occasional knee pain and a multivitamin supplement once daily. She has heard good things about natural products and asks you if taking a garlic supplement daily could help to bring her blood pres-sure and cholesterol under control. She’s also very interested in St. John’s wort after a friend told her that it helped allevi-ate her hot flashes and could also help improve mood. How should you advise her? Are there any supplements that could increase bleeding risk if taken with ibuprofen?']",Coarctation of aorta,Coarctation of aorta,0.0,0.0,0.0,0.563150504645378,1.0,golden_011,B,B,True,True
